"id","collection_id","element_id","element_type"
"16","9","3728","Game"
"21","11","5325","Game"
"22","9","5974","Game"
"23","1","5793","Game"
"24","9","5776","Game"
"31","1","7489","Film"
"32","1","7490","Film"
"33","1","7491","Film"
"34","2","7065","Game"
"35","2","7100","Game"
"46","15","18025","Book"
"67","2","3314","Game"
"68","2","8055","Game"
"69","2","8285","Game"
"71","2","1503","Game"
"72","2","6991","Game"
"73","2","278","Game"
"74","2","5750","Game"
"76","2","5868","Game"
"77","2","7852","Game"
"150","20","10457","Game"
"151","27","10457","Game"
"152","17","10365","Game"
"200","17","896","Film"
"256","9","8269","Game"
"268","3","5609","Film"
"354","1","1521","Game"
"378","26","676","Game"
"379","26","10065","Game"
"380","26","8786","Game"
"383","9","9404","Game"
"389","33","7648","Film"
"400","10","2885","Game"
"427","39","4269","Film"
"455","42","7714","Film"
"580","1","17812","Book"
"581","47","17812","Book"
"582","11","17812","Book"
"603","47","10466","Game"
"604","47","10162","Game"
"608","47","1195","Game"
"617","47","18572","Book"
"625","1","7804","Film"
"638","42","7813","Film"
"639","3","7814","Film"
"640","22","7814","Film"
"681","12","3770","Film"
"683","25","7850","Film"
"692","12","8919","Game"
"707","47","439","Game"
"746","1","18601","Book"
"766","2","18620","Book"
"769","9","7885","Film"
"774","35","7886","Film"
"776","3","12016","Book"
"777","46","2166","Book"
"778","10","2166","Book"
"796","2","7890","Film"
"798","12","18634","Book"
"808","30","18644","Book"
"815","2","18652","Book"
"820","2","18656","Book"
"833","12","18675","Book"
"847","1","18685","Book"
"848","1","18686","Book"
"857","21","10570","Game"
"891","47","18720","Book"
"892","47","18719","Book"
"896","31","10868","Game"
"901","2","18724","Book"
"902","2","18725","Book"
"908","12","7930","Game"
"956","2","18746","Book"
"957","1","18747","Book"
"965","2","18759","Book"
"987","2","18791","Book"
"988","52","18792","Book"
"994","17","8051","Film"
"995","55","8052","Film"
"996","2","18796","Book"
"1025","2","18124","Book"
"1026","2","18824","Book"
"1066","1","18838","Book"
"1082","2","18844","Book"
"1097","11","13698","Game"
"1098","38","13698","Game"
"1103","2","18859","Book"
"1112","2","18865","Book"
"1114","2","18868","Book"
"1140","1","18881","Book"
"1143","2","18884","Book"
"1147","2","18888","Book"
"1148","2","18891","Book"
"1150","1","18894","Book"
"1154","1","18898","Book"
"1155","10","18899","Book"
"1156","2","18902","Book"
"1158","44","18904","Book"
"1159","9","18904","Book"
"1160","2","18905","Book"
"1163","44","22828","Game"
"1173","1","18913","Book"
"1176","2","18916","Book"
"1178","36","18911","Book"
"1213","3","18925","Book"
"1216","27","18927","Book"
"1217","45","8211","Film"
"1218","40","8211","Film"
"1219","1","8215","Film"
"1222","2","18930","Book"
"1223","27","18930","Book"
"1227","42","1614","Book"
"1235","53","18935","Book"
"1238","1","18938","Book"
"1241","2","18942","Book"
"1246","2","18945","Book"
"1263","2","18956","Book"
"1266","2","18959","Book"
"1267","30","18960","Book"
"1268","2","18960","Book"
"1273","2","18964","Book"
"1274","3","15643","Game"
"1275","1","18965","Book"
"1276","1","18783","Book"
"1297","3","5762","Book"
"1298","3","18970","Book"
"1322","3","4988","Book"
"1323","10","17889","Book"
"1324","45","8279","Film"
"1329","31","18508","Book"
"1330","31","18518","Book"
"1331","31","18529","Book"
"1332","31","18530","Book"
"1333","48","5121","Book"
"1334","2","8284","Film"
"1348","1","8285","Film"
"1354","24","5040","Book"
"1361","42","8888","Game"
"1380","12","18997","Book"
"1381","9","19000","Book"
"1382","51","8314","Film"
"1384","44","9596","Book"
"1385","11","9596","Book"
"1387","27","8319","Film"
"1388","2","19004","Book"
"1389","12","8325","Film"
"1392","44","13560","Book"
"1406","47","19015","Book"
"1407","11","19018","Book"
"1422","1","19032","Book"
"1440","2","19040","Book"
"1452","22","19045","Book"
"1453","3","19045","Book"
"1467","27","8425","Film"
"1485","2","19025","Book"
"1498","40","15107","Game"
"1507","47","4904","Film"
"1508","36","7868","Film"
"1509","3","19078","Book"
"1516","38","8469","Film"
"1517","50","8470","Film"
"1520","2","19083","Book"
"1521","47","19084","Book"
"1522","47","18571","Book"
"1523","11","18571","Book"
"1524","36","16114","Game"
"1527","2","19085","Book"
"1528","2","19087","Book"
"1529","1","19088","Book"
"1530","12","19088","Book"
"1534","2","18770","Book"
"1535","2","19089","Book"
"1537","2","19090","Book"
"1538","1","19092","Book"
"1539","1","18963","Book"
"1540","2","19093","Book"
"1542","1","19095","Book"
"1543","2","19096","Book"
"1544","2","19097","Book"
"1547","3","7256","Book"
"1553","19","8488","Film"
"1554","43","8488","Film"
"1555","54","8489","Film"
"1556","46","8489","Film"
"1562","2","19106","Book"
"1563","2","19107","Book"
"1564","1","19108","Book"
"1566","1","19110","Book"
"1567","1","19111","Book"
"1568","2","19113","Book"
"1569","16","18910","Book"
"1570","1","19115","Book"
"1571","2","19116","Book"
"1572","1","19117","Book"
"1573","2","19118","Book"
"1574","2","19121","Book"
"1575","2","18961","Book"
"1576","1","19122","Book"
"1577","2","19124","Book"
"1578","2","19125","Book"
"1580","57","19126","Book"
"1581","2","19127","Book"
"1582","2","19128","Book"
"1583","1","19129","Book"
"1584","1","19130","Book"
"1586","2","19132","Book"
"1587","1","19133","Book"
"1589","1","19027","Book"
"1590","2","19134","Book"
"1591","2","19135","Book"
"1592","2","19136","Book"
"1593","2","19137","Book"
"1595","57","19139","Book"
"1596","1","19140","Book"
"1600","2","19143","Book"
"1601","2","19144","Book"
"1602","2","19145","Book"
"1603","2","19146","Book"
"1607","1","19150","Book"
"1608","2","19151","Book"
"1611","2","19153","Book"
"1612","36","18170","Game"
"1618","57","19157","Book"
"1619","1","19159","Book"
"1620","1","19160","Book"
"1622","1","19163","Book"
"1623","2","19164","Book"
"1628","49","8502","Film"
"1629","41","8502","Film"
"1630","10","8502","Film"
"1631","35","8502","Film"
"1636","2","8503","Film"
"1637","12","8503","Film"
"1638","40","8503","Film"
"1639","24","8503","Film"
"1642","2","19165","Book"
"1645","1","7082","Film"
"1646","1","7083","Film"
"1648","16","6405","Film"
"1650","1","23","Film"
"1651","43","7055","Film"
"1652","4","210","Film"
"1657","12","7107","Film"
"1665","12","4515","Film"
"1667","9","6514","Film"
"1668","10","2724","Film"
"1669","16","6156","Film"
"1670","51","272","Film"
"1678","43","4857","Film"
"1679","33","8517","Film"
"1680","43","8517","Film"
"1682","44","141","Film"
"1685","1","2064","Film"
"1686","1","3620","Film"
"1688","16","8519","Film"
"1689","16","5648","Film"
"1692","2","19147","Book"
"1693","36","2961","Film"
"1694","21","2961","Film"
"1695","47","4351","Film"
"1696","22","5105","Film"
"1697","2","19167","Book"
"1699","2","19169","Book"
"1700","18","3884","Film"
"1701","12","6180","Film"
"1702","16","3904","Film"
"1704","44","603","Film"
"1706","12","5879","Film"
"1707","10","2100","Film"
"1708","45","683","Film"
"1709","16","3798","Film"
"1710","12","3205","Film"
"1712","1","86","Film"
"1713","25","4143","Film"
"1714","2","5385","Film"
"1715","2","2217","Film"
"1716","8","4616","Film"
"1717","25","5797","Film"
"1720","12","6901","Film"
"1721","11","6957","Film"
"1724","46","4957","Film"
"1725","46","6474","Film"
"1726","55","6474","Film"
"1727","25","6311","Film"
"1729","41","189","Film"
"1730","25","6628","Film"
"1731","10","6628","Film"
"1732","19","3359","Film"
"1733","2","3359","Film"
"1735","25","1937","Film"
"1739","42","3801","Film"
"1745","23","7981","Game"
"1751","16","3425","Film"
"1753","2","3535","Film"
"1754","2","2047","Film"
"1756","51","4447","Film"
"1757","2","126","Film"
"1761","13","6361","Film"
"1763","23","4501","Film"
"1764","10","4976","Film"
"1765","12","4346","Film"
"1766","12","3263","Film"
"1767","23","3263","Film"
"1768","40","5051","Film"
"1775","42","5093","Film"
"1777","25","4064","Film"
"1778","25","4854","Film"
"1780","25","791","Film"
"1781","25","8157","Film"
"1784","23","8061","Film"
"1785","36","8061","Film"
"1788","21","3329","Film"
"1790","3","8199","Film"
"1792","3","9281","Game"
"1795","25","1004","Film"
"1796","46","1958","Film"
"1798","41","6840","Film"
"1799","17","2543","Film"
"1800","41","3169","Film"
"1801","58","3169","Film"
"1802","2","3530","Film"
"1803","2","386","Film"
"1804","27","1758","Film"
"1805","27","6720","Film"
"1807","27","8239","Film"
"1808","27","5386","Film"
"1809","4","4469","Film"
"1810","4","5947","Film"
"1811","4","2249","Film"
"1814","4","5904","Film"
"1816","2","2592","Film"
"1818","2","4408","Film"
"1820","41","77","Film"
"1821","8","2625","Film"
"1822","12","3616","Film"
"1823","12","3637","Film"
"1826","43","8132","Film"
"1827","33","6632","Film"
"1828","33","8447","Film"
"1831","3","3916","Film"
"1832","20","811","Film"
"1833","46","2285","Film"
"1834","41","2907","Film"
"1835","45","15","Film"
"1837","45","3981","Film"
"1838","1","5978","Film"
"1839","20","808","Film"
"1840","27","2478","Film"
"1842","2","8060","Film"
"1844","43","5507","Film"
"1845","37","7114","Film"
"1854","50","5664","Film"
"1855","38","5664","Film"
"1856","1","7127","Film"
"1857","9","5213","Film"
"1858","9","3202","Film"
"1859","9","532","Film"
"1860","9","8534","Film"
"1861","23","742","Film"
"1864","48","6454","Film"
"1865","56","8081","Film"
"1866","41","8081","Film"
"1867","5","8442","Film"
"1869","43","8115","Film"
"1870","27","3659","Film"
"1871","18","1500","Film"
"1872","54","8268","Film"
"1873","46","8268","Film"
"1874","38","8268","Film"
"1875","38","4909","Film"
"1876","46","4909","Film"
"1877","2","85","Film"
"1878","2","8148","Film"
"1881","42","7853","Film"
"1883","41","8393","Film"
"1887","53","8365","Film"
"1888","27","1646","Film"
"1889","33","7539","Film"
"1890","1","7913","Film"
"1891","27","4962","Game"
"1892","20","4962","Game"
"1893","56","109","Film"
"1894","9","109","Film"
"1895","27","7516","Film"
"1896","41","8236","Film"
"1897","46","8236","Film"
"1898","20","7084","Film"
"1899","30","3384","Film"
"1902","35","294","Film"
"1903","42","8537","Film"
"1908","36","6485","Film"
"1909","21","6485","Film"
"1910","22","8423","Film"
"1911","58","2078","Film"
"1912","25","7823","Film"
"1913","46","7760","Film"
"1914","38","7760","Film"
"1915","43","7760","Film"
"1916","32","3836","Film"
"1917","2","3058","Film"
"1918","3","8539","Film"
"1919","23","8539","Film"
"1922","23","3380","Film"
"1925","3","3003","Game"
"1926","25","8196","Film"
"1928","51","8542","Film"
"1932","23","51","Film"
"1933","36","8416","Film"
"1934","4","3867","Film"
"1935","1","7102","Film"
"1936","10","204","Film"
"1937","16","2666","Film"
"1938","25","1606","Film"
"1939","17","3281","Film"
"1943","12","3642","Film"
"1944","18","1184","Film"
"1950","47","8263","Game"
"1951","3","8263","Game"
"1952","27","8263","Game"
"1953","54","8135","Film"
"1954","2","19178","Book"
"1955","4","19178","Book"
"1956","12","7144","Film"
"1957","22","7144","Film"
"1958","25","6762","Film"
"1960","10","1165","Film"
"1962","36","5401","Film"
"1964","2","7829","Film"
"1965","28","7829","Film"
"1966","2","8293","Film"
"1967","1","1358","Film"
"1968","1","844","Film"
"1969","1","2311","Film"
"1970","1","5751","Film"
"1972","2","2022","Film"
"1973","2","6306","Film"
"1976","2","4834","Film"
"1979","25","3303","Film"
"1980","39","729","Film"
"1981","16","1696","Film"
"1982","2","3561","Film"
"1985","42","492","Film"
"1988","25","8118","Film"
"1989","24","8118","Film"
"1991","10","9229","Game"
"1992","4","19180","Book"
"1993","18","19180","Book"
"1995","4","8551","Film"
"2000","4","8553","Film"
"2001","18","8549","Film"
"2002","24","8549","Film"
"2004","37","8548","Film"
"2005","46","1159","Film"
"2007","16","2588","Film"
"2008","4","6214","Film"
"2011","12","2914","Film"
"2014","18","1020","Film"
"2015","33","1020","Film"
"2016","12","5002","Film"
"2017","12","8004","Film"
"2018","12","2809","Film"
"2020","16","2643","Film"
"2022","3","2328","Film"
"2023","27","5314","Film"
"2024","3","5314","Film"
"2026","43","6974","Film"
"2028","8","1280","Film"
"2033","57","19066","Book"
"2034","36","19066","Book"
"2035","36","8557","Film"
"2036","10","8557","Film"
"2040","36","8556","Film"
"2041","23","8556","Film"
"2042","8","8556","Film"
"2043","2","5975","Film"
"2044","42","5975","Film"
"2045","2","6448","Film"
"2046","28","6448","Film"
"2047","12","4150","Film"
"2051","11","7972","Game"
"2052","25","7972","Game"
"2053","25","7331","Game"
"2054","11","7331","Game"
"2058","2","19185","Book"
"2059","2","19184","Book"
"2060","2","19183","Book"
"2061","8","10854","Game"
"2062","16","22825","Game"
"2063","19","5797","Game"
"2064","47","5797","Game"
"2066","11","10014","Game"
"2067","2","14542","Game"
"2070","27","16950","Game"
"2071","27","133","Game"
"2073","2","8564","Film"
"2074","2","7511","Film"
"2076","1","4549","Film"
"2077","12","4549","Film"
"2078","1","7130","Film"
"2079","2","4288","Film"
"2080","12","4288","Film"
"2081","2","4505","Film"
"2082","22","3038","Film"
"2084","10","3417","Film"
"2085","1","6217","Film"
"2087","2","2268","Film"
"2088","23","6144","Film"
"2090","2","8568","Film"
"2091","19","7987","Film"
"2094","1","8569","Film"
"2095","4","19103","Book"
"2096","57","17949","Book"
"2097","10","8571","Film"
"2098","16","2305","Film"
"2100","16","1565","Film"
"2101","16","93","Film"
"2103","2","6019","Film"
"2104","4","6019","Film"
"2105","33","1113","Film"
"2110","38","7846","Film"
"2111","46","7846","Film"
"2112","35","7846","Film"
"2113","2","1733","Film"
"2114","30","1733","Film"
"2115","38","1944","Film"
"2116","1","6086","Film"
"2119","30","1940","Film"
"2120","1","4399","Film"
"2122","25","6211","Film"
"2123","10","2247","Film"
"2125","25","2743","Film"
"2126","20","2873","Film"
"2127","12","1989","Film"
"2128","25","1989","Film"
"2130","16","6789","Film"
"2131","25","5658","Film"
"2132","46","880","Film"
"2133","3","8359","Film"
"2135","25","4536","Film"
"2137","22","2388","Film"
"2138","25","601","Film"
"2139","30","601","Film"
"2142","18","2928","Film"
"2143","2","5493","Film"
"2144","30","5493","Film"
"2145","47","8288","Film"
"2146","3","7789","Film"
"2147","1","8181","Film"
"2148","17","8181","Film"
"2149","38","8437","Film"
"2150","53","8437","Film"
"2151","35","8437","Film"
"2152","50","8437","Film"
"2153","46","541","Film"
"2155","28","2687","Film"
"2156","38","7961","Film"
"2157","25","985","Film"
"2158","12","1838","Film"
"2159","46","6258","Film"
"2163","36","8121","Film"
"2164","21","8121","Film"
"2165","23","8121","Film"
"2166","12","5487","Film"
"2167","4","5487","Film"
"2169","3","4934","Film"
"2170","51","24","Film"
"2171","51","5440","Film"
"2172","33","5045","Film"
"2173","11","3014","Book"
"2174","24","3014","Book"
"2175","11","19191","Book"
"2176","42","19191","Book"
"2177","24","19191","Book"
"2178","12","19192","Book"
"2179","12","15167","Book"
"2181","18","6460","Film"
"2182","10","5511","Film"
"2184","39","1065","Film"
"2185","39","5541","Film"
"2186","43","1231","Film"
"2187","30","6922","Film"
"2188","10","3521","Film"
"2189","27","6175","Film"
"2195","41","8586","Film"
"2198","9","9939","Game"
"2199","9","214","Game"
"2201","9","14465","Game"
"2202","1","7122","Film"
"2203","16","2635","Film"
"2205","10","6200","Film"
"2206","25","3357","Film"
"2207","48","4089","Film"
"2210","43","5209","Film"
"2211","10","5209","Film"
"2214","17","3723","Film"
"2216","35","4757","Film"
"2217","49","125","Film"
"2218","43","219","Film"
"2220","1","1153","Film"
"2222","1","887","Film"
"2223","12","1240","Film"
"2225","53","1297","Film"
"2228","17","6896","Film"
"2229","40","5687","Film"
"2230","56","606","Film"
"2231","12","3772","Film"
"2232","25","3772","Film"
"2234","42","7162","Film"
"2235","10","7161","Film"
"2236","20","7454","Film"
"2237","19","7454","Film"
"2238","23","1407","Film"
"2239","38","2671","Film"
"2240","58","3777","Film"
"2241","51","3390","Film"
"2242","54","3790","Film"
"2244","18","1771","Film"
"2245","22","16808","Game"
"2246","27","16808","Game"
"2247","21","1664","Film"
"2248","43","1664","Film"
"2249","37","4788","Film"
"2250","16","6590","Film"
"2251","1","7117","Film"
"2252","1","7099","Film"
"2253","16","7099","Film"
"2254","22","2392","Film"
"2255","51","5615","Film"
"2256","41","745","Film"
"2257","37","4357","Film"
"2258","25","3064","Film"
"2259","17","1658","Film"
"2260","44","5310","Film"
"2262","3","1931","Film"
"2263","48","3026","Film"
"2264","43","3377","Film"
"2265","46","2302","Film"
"2266","48","3113","Film"
"2267","19","2272","Film"
"2268","44","2188","Film"
"2269","44","324","Film"
"2270","33","3157","Film"
"2271","25","3157","Film"
"2273","23","6923","Film"
"2274","17","3883","Film"
"2275","12","3597","Film"
"2277","10","6666","Film"
"2278","25","703","Film"
"2279","25","6358","Film"
"2280","16","8606","Film"
"2282","3","8608","Film"
"2283","24","2242","Book"
"2284","16","5459","Film"
"2289","42","3870","Game"
"2291","25","5427","Film"
"2294","25","1857","Film"
"2296","1","6614","Film"
"2297","44","4445","Film"
"2298","1","7169","Film"
"2299","12","7169","Film"
"2300","46","7182","Film"
"2302","1","7188","Film"
"2304","1","7189","Film"
"2305","1","7190","Film"
"2306","46","4686","Film"
"2307","41","6827","Film"
"2310","4","7198","Film"
"2311","12","7198","Film"
"2312","23","7200","Film"
"2314","17","5338","Film"
"2315","4","15295","Book"
"2316","9","7208","Film"
"2317","27","7211","Film"
"2318","44","7214","Film"
"2319","53","7214","Film"
"2321","12","7217","Film"
"2322","5","7233","Film"
"2323","21","8615","Film"
"2325","21","3639","Film"
"2326","21","8072","Film"
"2327","21","35","Film"
"2328","21","8616","Film"
"2329","21","8617","Film"
"2330","21","8618","Film"
"2331","21","8619","Film"
"2333","30","7237","Film"
"2334","4","7238","Film"
"2335","27","7241","Film"
"2336","12","7250","Film"
"2338","9","7252","Film"
"2341","27","7257","Film"
"2342","10","7258","Film"
"2343","40","8621","Film"
"2344","54","8622","Film"
"2345","43","7273","Film"
"2346","33","7275","Film"
"2347","54","7276","Film"
"2348","51","7277","Film"
"2350","2","7279","Film"
"2351","29","7280","Film"
"2352","25","7281","Film"
"2354","16","7289","Film"
"2355","39","7290","Film"
"2356","17","7292","Film"
"2359","9","8629","Film"
"2360","37","7307","Film"
"2361","54","7312","Film"
"2362","16","7314","Film"
"2363","24","8634","Film"
"2365","26","8635","Film"
"2366","47","7322","Film"
"2368","25","7325","Film"
"2369","12","8636","Film"
"2370","26","3356","Film"
"2371","24","8638","Film"
"2373","3","8639","Film"
"2374","12","7827","Film"
"2375","12","7826","Film"
"2376","16","7339","Film"
"2377","26","7339","Film"
"2378","1","7345","Film"
"2379","10","49","Film"
"2380","16","7353","Film"
"2382","9","7358","Film"
"2383","39","7360","Film"
"2384","41","7360","Film"
"2386","36","7364","Film"
"2387","12","7367","Film"
"2388","24","7368","Film"
"2390","3","7371","Film"
"2391","27","7377","Film"
"2392","3","7377","Film"
"2393","9","7384","Film"
"2394","3","7390","Film"
"2395","43","4314","Film"
"2398","50","6343","Film"
"2399","46","6343","Film"
"2400","17","3301","Film"
"2401","46","5335","Film"
"2402","1","7119","Film"
"2403","23","7142","Film"
"2404","1","7120","Film"
"2406","1","7100","Film"
"2407","1","7121","Film"
"2408","1","7129","Film"
"2409","46","1292","Film"
"2410","23","2135","Film"
"2411","1","7123","Film"
"2412","10","7412","Film"
"2413","51","6575","Film"
"2415","1","7415","Film"
"2416","45","7867","Film"
"2417","23","8649","Film"
"2418","36","8649","Film"
"2419","12","7094","Film"
"2420","42","7445","Film"
"2421","42","4924","Film"
"2422","51","7447","Film"
"2423","4","7395","Film"
"2424","2","8367","Film"
"2425","38","5000","Film"
"2426","43","7458","Film"
"2427","10","7471","Film"
"2428","3","1037","Film"
"2429","1","7116","Film"
"2430","43","8650","Film"
"2431","43","8361","Film"
"2432","40","8361","Film"
"2433","12","1608","Film"
"2434","10","1608","Film"
"2435","49","7478","Film"
"2436","43","7478","Film"
"2437","2","5140","Film"
"2438","21","7482","Film"
"2439","2","7422","Film"
"2440","2","7416","Film"
"2442","21","7481","Film"
"2443","10","1147","Film"
"2445","10","7493","Film"
"2446","13","7431","Film"
"2447","32","7431","Film"
"2449","9","7430","Film"
"2450","43","7507","Film"
"2451","54","1314","Film"
"2452","1","1659","Film"
"2453","26","6178","Film"
"2454","33","6690","Film"
"2457","10","5928","Film"
"2459","16","4653","Film"
"2460","40","3631","Film"
"2461","33","5935","Film"
"2462","30","3633","Film"
"2464","9","2880","Film"
"2465","56","2880","Film"
"2466","12","2626","Film"
"2467","24","2626","Film"
"2468","46","3657","Film"
"2469","20","5704","Film"
"2470","19","5704","Film"
"2472","12","7417","Film"
"2473","3","7417","Film"
"2474","55","7436","Film"
"2475","3","7621","Film"
"2476","46","1855","Film"
"2477","20","7515","Film"
"2478","19","7515","Film"
"2480","12","131","Film"
"2481","21","7530","Film"
"2482","19","7522","Film"
"2483","20","7522","Film"
"2484","33","1721","Film"
"2487","12","1309","Film"
"2488","42","1309","Film"
"2489","22","7531","Film"
"2490","17","3989","Film"
"2491","53","6052","Film"
"2492","23","7534","Film"
"2493","23","7536","Film"
"2494","1","7452","Film"
"2495","19","2982","Film"
"2496","2","2982","Film"
"2497","26","2951","Film"
"2498","10","7538","Film"
"2499","38","8184","Film"
"2500","35","8184","Film"
"2501","38","7787","Film"
"2502","32","7586","Film"
"2503","11","3607","Film"
"2504","22","3607","Film"
"2505","16","3607","Film"
"2506","20","3607","Film"
"2507","27","3607","Film"
"2508","23","3607","Film"
"2509","13","3607","Film"
"2510","29","3607","Film"
"2511","10","3607","Film"
"2512","19","3607","Film"
"2513","23","7543","Film"
"2514","25","5763","Film"
"2515","25","8010","Film"
"2516","9","3433","Film"
"2518","9","3452","Film"
"2520","2","719","Book"
"2521","2","18181","Book"
"2522","2","18196","Book"
"2525","2","1131","Book"
"2526","2","786","Book"
"2527","55","7492","Film"
"2528","46","7492","Film"
"2529","38","7492","Film"
"2530","26","7547","Film"
"2531","2","5519","Film"
"2533","10","5703","Film"
"2535","21","3961","Film"
"2536","10","5691","Film"
"2537","40","343","Film"
"2538","3","7566","Film"
"2541","16","202","Film"
"2542","2","202","Film"
"2543","9","7569","Film"
"2544","12","2246","Film"
"2546","25","5372","Film"
"2547","25","249","Film"
"2548","12","1787","Film"
"2549","1","7574","Film"
"2550","1","7578","Film"
"2551","1","7131","Film"
"2552","1","7590","Film"
"2553","25","3299","Film"
"2554","12","3299","Film"
"2555","3","7563","Film"
"2556","46","7579","Film"
"2557","38","8094","Film"
"2558","38","8021","Film"
"2559","10","1187","Film"
"2560","8","7138","Film"
"2561","12","2144","Film"
"2562","22","4963","Film"
"2563","10","37","Film"
"2565","41","3859","Film"
"2566","38","8071","Film"
"2567","25","8008","Film"
"2568","33","6573","Film"
"2569","22","5299","Film"
"2570","3","5299","Film"
"2571","22","4819","Film"
"2572","25","4819","Film"
"2574","39","8310","Film"
"2576","43","7704","Film"
"2577","43","8058","Film"
"2578","43","7941","Film"
"2579","43","470","Film"
"2580","38","6239","Film"
"2581","35","6239","Film"
"2582","8","7894","Film"
"2584","32","4971","Film"
"2585","49","7657","Film"
"2586","50","8040","Film"
"2587","38","8040","Film"
"2589","2","7435","Film"
"2591","35","8180","Film"
"2592","2","7140","Film"
"2593","22","7140","Film"
"2594","12","7891","Film"
"2595","17","8172","Film"
"2596","10","1869","Film"
"2597","43","5538","Film"
"2598","46","5538","Film"
"2599","46","2825","Film"
"2600","46","3418","Film"
"2601","10","8110","Film"
"2603","25","6201","Film"
"2605","17","9755","Game"
"2606","21","10834","Game"
"2610","12","8315","Film"
"2611","25","3817","Film"
"2612","23","3534","Film"
"2615","21","7939","Film"
"2616","42","7939","Film"
"2617","17","4490","Film"
"2618","33","7540","Film"
"2619","23","4413","Film"
"2620","13","4413","Film"
"2621","12","4413","Film"
"2622","25","4413","Film"
"2623","19","4413","Film"
"2624","33","7588","Film"
"2625","53","7793","Film"
"2626","28","7589","Film"
"2627","29","3650","Film"
"2628","9","5359","Film"
"2629","46","7960","Film"
"2630","53","7954","Film"
"2631","10","7811","Film"
"2632","56","8093","Film"
"2633","9","8093","Film"
"2634","25","7147","Film"
"2635","23","7147","Film"
"2636","13","7147","Film"
"2637","26","1183","Film"
"2638","48","7953","Film"
"2639","42","8240","Film"
"2640","54","4146","Film"
"2641","38","4146","Film"
"2642","51","7980","Film"
"2643","12","4168","Film"
"2644","50","1049","Film"
"2645","46","7775","Film"
"2646","25","8084","Film"
"2647","12","8084","Film"
"2649","12","7593","Film"
"2650","40","519","Film"
"2651","40","7031","Film"
"2654","17","7861","Film"
"2655","41","7879","Film"
"2656","30","1563","Film"
"2657","30","7622","Film"
"2658","54","7136","Film"
"2659","10","7624","Film"
"2660","41","7624","Film"
"2661","25","7625","Film"
"2662","16","4255","Film"
"2663","31","7635","Film"
"2664","33","4209","Film"
"2665","9","7611","Film"
"2666","33","5060","Film"
"2667","33","6858","Film"
"2672","12","5469","Film"
"2673","25","5469","Film"
"2674","32","7647","Film"
"2675","33","7647","Film"
"2676","33","6808","Film"
"2677","34","4147","Film"
"2678","33","7649","Film"
"2679","2","7649","Film"
"2680","12","7658","Film"
"2681","25","7658","Film"
"2682","26","7658","Film"
"2683","32","7658","Film"
"2684","10","1985","Film"
"2685","35","7669","Film"
"2686","25","7680","Film"
"2687","9","7682","Film"
"2688","9","7684","Film"
"2689","39","7685","Film"
"2690","10","7687","Film"
"2691","39","7687","Film"
"2692","37","6648","Film"
"2693","38","1362","Film"
"2696","13","7688","Film"
"2697","10","7688","Film"
"2699","40","867","Film"
"2700","33","2482","Film"
"2701","41","7691","Film"
"2702","43","8653","Film"
"2703","43","3375","Film"
"2704","44","4388","Film"
"2705","42","3066","Film"
"2706","29","4967","Film"
"2707","16","7694","Film"
"2708","2","8195","Film"
"2709","30","8195","Film"
"2710","45","7695","Film"
"2711","33","3163","Film"
"2712","27","7705","Film"
"2713","1","7705","Film"
"2714","37","4754","Film"
"2717","44","6749","Film"
"2718","38","6749","Film"
"2719","2","7145","Film"
"2720","39","7145","Film"
"2721","28","7145","Film"
"2722","2","112","Film"
"2723","54","8363","Film"
"2724","53","8363","Film"
"2725","42","7736","Film"
"2726","25","7748","Film"
"2727","2","868","Film"
"2728","3","7759","Film"
"2729","3","7761","Film"
"2730","29","7762","Film"
"2731","41","7762","Film"
"2734","46","1770","Film"
"2735","49","1770","Film"
"2736","33","7765","Film"
"2737","29","7765","Film"
"2738","28","7765","Film"
"2739","46","7148","Film"
"2740","21","7148","Film"
"2741","54","7721","Film"
"2745","20","6090","Film"
"2746","19","6090","Film"
"2747","24","6090","Film"
"2748","33","7774","Film"
"2751","4","7502","Film"
"2752","45","7502","Film"
"2753","25","6924","Film"
"2754","9","6924","Film"
"2755","56","8095","Film"
"2756","9","8095","Film"
"2757","23","8395","Film"
"2758","23","7777","Film"
"2759","33","7780","Film"
"2760","16","2036","Film"
"2761","16","7788","Film"
"2762","18","8456","Film"
"2763","58","7792","Film"
"2764","23","3477","Film"
"2768","25","5218","Film"
"2769","2","7797","Film"
"2770","26","7798","Film"
"2771","43","8254","Film"
"2772","27","7984","Film"
"2773","26","7801","Film"
"2774","29","7802","Film"
"2775","41","7802","Film"
"2776","25","700","Film"
"2777","10","700","Film"
"2778","1","7803","Film"
"2779","1","3693","Film"
"2780","48","4472","Film"
"2781","1","7488","Film"
"2782","56","2653","Film"
"2783","22","2653","Film"
"2784","45","8301","Film"
"2785","10","8301","Film"
"2786","49","4608","Film"
"2787","10","7825","Film"
"2788","25","30","Film"
"2791","16","7830","Film"
"2792","27","7830","Film"
"2793","12","8368","Film"
"2794","50","7839","Film"
"2795","30","4962","Film"
"2796","4","7832","Film"
"2797","33","4219","Film"
"2798","12","424","Film"
"2799","27","8140","Film"
"2800","22","8140","Film"
"2801","12","8112","Film"
"2802","54","7973","Film"
"2803","26","7453","Film"
"2804","23","7854","Film"
"2805","10","5265","Film"
"2806","3","7857","Film"
"2807","10","7859","Film"
"2809","28","7863","Film"
"2810","12","4873","Film"
"2811","10","6723","Film"
"2812","41","5734","Film"
"2813","46","7869","Film"
"2814","35","7870","Film"
"2815","21","7870","Film"
"2816","2","7633","Film"
"2817","10","7893","Film"
"2818","26","8272","Film"
"2819","56","8464","Film"
"2820","22","832","Film"
"2821","3","832","Film"
"2822","25","6826","Film"
"2824","41","3062","Film"
"2825","51","2822","Film"
"2826","27","7902","Film"
"2827","45","7905","Film"
"2828","27","7910","Film"
"2829","58","2554","Film"
"2830","43","7921","Film"
"2831","4","7919","Film"
"2832","51","3059","Film"
"2833","25","7929","Film"
"2834","40","8413","Film"
"2835","10","7931","Film"
"2836","58","1833","Film"
"2837","10","7944","Film"
"2839","2","18588","Book"
"2840","43","18588","Book"
"2841","2","18689","Book"
"2842","2","18688","Book"
"2845","2","18669","Book"
"2846","57","18944","Book"
"2847","46","7962","Film"
"2848","58","7986","Film"
"2851","41","2963","Film"
"2853","10","3947","Film"
"2855","43","6437","Film"
"2856","26","7988","Film"
"2857","43","1133","Film"
"2858","27","7991","Film"
"2859","10","7999","Film"
"2860","27","8003","Film"
"2861","8","8006","Film"
"2862","38","8011","Film"
"2863","43","6493","Film"
"2864","12","6852","Film"
"2866","27","8015","Film"
"2867","43","8016","Film"
"2868","27","8019","Film"
"2869","47","8019","Film"
"2870","12","8023","Film"
"2875","54","8030","Film"
"2876","38","8030","Film"
"2877","46","8030","Film"
"2878","53","8030","Film"
"2879","26","8032","Film"
"2880","43","8045","Film"
"2882","43","925","Film"
"2883","43","8048","Film"
"2885","43","4813","Film"
"2886","10","8049","Film"
"2887","50","8050","Film"
"2891","55","8063","Film"
"2892","24","8063","Film"
"2893","12","8063","Film"
"2894","43","4881","Film"
"2895","50","8078","Film"
"2902","53","8082","Film"
"2904","40","2623","Film"
"2906","2","7139","Film"
"2907","35","5607","Film"
"2908","12","8098","Film"
"2909","24","8098","Film"
"2910","10","8098","Film"
"2912","43","8097","Film"
"2913","43","3819","Film"
"2914","22","8103","Film"
"2915","27","8103","Film"
"2916","3","8103","Film"
"2920","27","8108","Film"
"2921","22","8108","Film"
"2922","2","8091","Film"
"2924","4","8109","Film"
"2925","12","8111","Film"
"2927","42","8114","Film"
"2929","3","2088","Book"
"2930","43","7063","Film"
"2931","1","8088","Film"
"2932","10","8123","Film"
"2933","26","8123","Film"
"2934","18","8147","Film"
"2935","58","6142","Film"
"2936","51","8164","Film"
"2938","35","3414","Film"
"2939","12","8178","Film"
"2940","41","8179","Film"
"2941","46","5227","Film"
"2942","23","8208","Film"
"2943","43","2011","Film"
"2944","12","8223","Film"
"2946","1","8163","Film"
"2947","24","8231","Film"
"2948","16","4765","Film"
"2949","27","8241","Film"
"2950","22","8241","Film"
"2952","45","8243","Film"
"2953","10","8243","Film"
"2956","41","8244","Film"
"2957","19","8244","Film"
"2958","25","8245","Film"
"2960","39","8250","Film"
"2961","48","8251","Film"
"2962","43","8253","Film"
"2963","36","8258","Film"
"2964","9","8258","Film"
"2966","28","7738","Film"
"2967","19","8224","Film"
"2968","22","2445","Film"
"2969","10","8275","Film"
"2970","12","5718","Film"
"2971","32","1918","Film"
"2972","12","3649","Film"
"2973","58","2785","Film"
"2975","58","8305","Film"
"2977","29","8286","Film"
"2978","2","8296","Film"
"2979","10","8296","Film"
"2981","36","5770","Film"
"2982","23","7976","Film"
"2983","29","8338","Film"
"2986","19","8379","Film"
"2987","3","8380","Film"
"2988","21","8381","Film"
"2989","54","8384","Film"
"2990","10","1499","Film"
"2991","1","7833","Film"
"2992","45","8256","Film"
"2993","50","5577","Film"
"2995","18","8419","Film"
"2996","10","1868","Film"
"2997","35","1868","Film"
"2998","50","8451","Film"
"2999","1","8394","Film"
"3001","1","8278","Film"
"3002","2","8349","Film"
"3004","43","8490","Film"
"3007","1","8294","Film"
"3008","9","8294","Film"
"3010","12","4856","Film"
"3013","4","8550","Film"
"3014","33","3765","Film"
"3015","31","1613","Film"
"3016","16","8100","Film"
"3017","2","8287","Film"
"3018","33","8155","Film"
"3019","1","7079","Film"
"3022","43","8573","Film"
"3023","26","8573","Film"
"3024","46","8663","Film"
"3025","38","8663","Film"
"3026","9","8662","Film"
"3027","37","7043","Film"
"3028","23","8664","Film"
"3029","36","8467","Film"
"3030","41","8282","Film"
"3033","36","8299","Film"
"3034","3","8299","Film"
"3036","24","8709","Book"
"3037","24","9956","Book"
"3039","12","8670","Film"
"3040","12","8672","Film"
"3043","4","7349","Book"
"3044","24","8420","Book"
"3045","42","3591","Book"
"3046","24","17956","Book"
"3048","43","3400","Film"
"3049","24","6364","Book"
"3051","1","10825","Game"
"3052","1","10227","Game"
"3054","1","9587","Game"
"3055","30","1090","Game"
"3056","36","9194","Game"
"3057","1","117","Game"
"3058","46","6221","Game"
"3059","36","9689","Game"
"3060","43","2893","Game"
"3061","3","10442","Game"
"3062","23","10442","Game"
"3063","3","10215","Game"
"3064","1","2341","Game"
"3065","1","10791","Game"
"3066","1","9289","Game"
"3067","1","6284","Game"
"3068","1","10833","Game"
"3069","1","10842","Game"
"3070","1","10148","Game"
"3071","11","9844","Game"
"3073","11","9524","Game"
"3074","11","22802","Game"
"3075","42","24","Game"
"3076","42","494","Game"
"3077","11","28","Game"
"3078","1","8361","Game"
"3079","17","52","Game"
"3080","17","6954","Game"
"3081","17","5590","Game"
"3083","60","41","Game"
"3084","60","10841","Game"
"3085","17","55","Game"
"3086","42","2366","Game"
"3087","22","7360","Game"
"3088","30","7360","Game"
"3089","22","60","Game"
"3090","22","39","Game"
"3092","8","4691","Game"
"3093","8","948","Game"
"3094","11","5917","Game"
"3095","3","5917","Game"
"3096","10","5917","Game"
"3097","25","7269","Game"
"3098","4","435","Game"
"3100","1","8675","Film"
"3101","40","5704","Game"
"3102","16","1711","Game"
"3103","16","10850","Game"
"3104","16","6075","Game"
"3105","47","5212","Game"
"3106","47","8474","Game"
"3107","36","4856","Game"
"3108","36","7527","Game"
"3109","47","6137","Game"
"3110","22","23062","Game"
"3111","23","10571","Game"
"3112","25","10571","Game"
"3113","42","5032","Game"
"3114","42","7340","Game"
"3115","42","8613","Game"
"3117","42","4945","Game"
"3121","17","78","Game"
"3122","17","83","Game"
"3123","12","7988","Game"
"3124","54","7988","Game"
"3125","4","9546","Game"
"3126","24","1146","Game"
"3127","46","8676","Film"
"3130","17","2510","Game"
"3131","36","98","Game"
"3133","36","10642","Game"
"3136","36","9875","Game"
"3137","21","9875","Game"
"3142","18","6961","Book"
"3143","18","6109","Film"
"3144","42","124","Game"
"3145","42","4746","Game"
"3146","42","10327","Game"
"3148","27","7868","Game"
"3149","42","292","Game"
"3150","42","6422","Game"
"3153","25","5975","Game"
"3154","25","9829","Game"
"3155","25","1819","Game"
"3156","25","3326","Game"
"3157","25","144","Game"
"3158","25","145","Game"
"3159","25","146","Game"
"3160","25","7213","Game"
"3166","25","5737","Game"
"3167","55","5737","Game"
"3169","16","9127","Game"
"3170","8","5302","Game"
"3171","2","8457","Game"
"3172","14","4960","Game"
"3173","14","2567","Game"
"3174","14","152","Game"
"3176","36","783","Game"
"3177","36","153","Game"
"3180","36","8046","Game"
"3181","36","161","Game"
"3182","36","162","Game"
"3183","40","4752","Game"
"3185","40","6907","Game"
"3187","17","5491","Game"
"3188","17","3278","Film"
"3189","5","3012","Game"
"3190","5","1348","Game"
"3191","59","4640","Game"
"3192","3","10743","Game"
"3193","3","9890","Game"
"3194","3","2297","Game"
"3196","17","890","Game"
"3197","34","1305","Game"
"3198","21","343","Game"
"3199","21","10003","Game"
"3200","42","10649","Game"
"3201","42","7283","Game"
"3203","42","1716","Game"
"3204","42","1376","Game"
"3206","42","3767","Game"
"3207","34","5304","Game"
"3209","34","5496","Game"
"3210","34","186","Game"
"3211","34","199","Game"
"3213","34","194","Game"
"3214","34","1143","Game"
"3216","34","192","Game"
"3217","34","191","Game"
"3218","34","5592","Game"
"3219","34","1017","Game"
"3221","34","7540","Game"
"3223","34","156","Game"
"3224","34","3435","Game"
"3229","34","201","Game"
"3230","34","204","Game"
"3231","34","206","Game"
"3232","34","210","Game"
"3233","34","211","Game"
"3235","34","212","Game"
"3238","34","219","Game"
"3239","34","220","Game"
"3240","34","217","Game"
"3241","34","221","Game"
"3242","34","222","Game"
"3243","34","224","Game"
"3244","12","8680","Film"
"3245","34","225","Game"
"3246","34","226","Game"
"3248","2","7181","Game"
"3249","12","9784","Game"
"3250","25","1067","Game"
"3251","13","2937","Game"
"3252","25","2937","Game"
"3253","9","237","Game"
"3254","9","6333","Game"
"3255","9","240","Game"
"3256","9","241","Game"
"3257","9","2083","Game"
"3258","9","242","Game"
"3259","9","6481","Game"
"3260","9","3697","Game"
"3262","9","244","Game"
"3263","32","5631","Game"
"3264","32","3808","Game"
"3265","32","864","Game"
"3266","32","598","Game"
"3267","34","5526","Game"
"3268","34","1474","Game"
"3269","16","4777","Game"
"3270","16","5550","Game"
"3272","46","4699","Game"
"3273","46","10367","Game"
"3274","55","10367","Game"
"3275","46","8609","Game"
"3277","11","4673","Game"
"3278","36","8091","Game"
"3279","36","10228","Game"
"3280","23","10228","Game"
"3282","3","251","Game"
"3283","42","3517","Game"
"3285","16","1990","Game"
"3286","16","8104","Game"
"3287","16","10567","Game"
"3288","16","10855","Game"
"3290","36","2073","Game"
"3291","4","2541","Game"
"3292","26","2541","Game"
"3294","3","7112","Game"
"3295","3","6141","Game"
"3296","16","6004","Game"
"3297","16","8010","Game"
"3298","16","10685","Game"
"3299","16","3515","Game"
"3300","16","10612","Game"
"3301","16","7909","Game"
"3303","16","6714","Game"
"3304","16","8541","Game"
"3305","16","1919","Game"
"3306","16","9232","Game"
"3307","16","577","Game"
"3308","16","7220","Game"
"3309","16","8124","Game"
"3310","16","1009","Game"
"3311","16","875","Game"
"3312","16","7180","Game"
"3313","16","7837","Game"
"3314","16","7045","Game"
"3316","16","1506","Game"
"3317","16","1321","Game"
"3318","16","4954","Game"
"3319","16","8007","Game"
"3321","16","1949","Game"
"3322","16","3929","Game"
"3323","16","9507","Game"
"3324","16","2578","Game"
"3325","16","1215","Game"
"3326","16","596","Game"
"3328","2","2354","Game"
"3330","2","7997","Game"
"3331","2","5497","Game"
"3332","2","7401","Game"
"3333","2","1302","Game"
"3334","2","8851","Game"
"3335","2","360","Game"
"3338","2","10554","Game"
"3340","2","1233","Game"
"3341","2","1508","Game"
"3342","2","2793","Game"
"3343","2","10225","Game"
"3344","2","565","Game"
"3345","25","10700","Game"
"3346","13","10700","Game"
"3348","27","454","Game"
"3349","27","258","Game"
"3350","27","1562","Game"
"3351","36","10861","Game"
"3352","4","10861","Game"
"3353","21","10861","Game"
"3354","3","1784","Game"
"3356","38","1767","Game"
"3357","27","259","Game"
"3358","3","10678","Game"
"3359","27","10678","Game"
"3360","22","9445","Game"
"3361","27","9445","Game"
"3362","3","9445","Game"
"3364","2","10864","Game"
"3365","46","302","Game"
"3366","46","5187","Game"
"3367","2","257","Game"
"3369","44","7268","Game"
"3370","27","6142","Game"
"3371","27","10420","Game"
"3373","36","11870","Game"
"3374","21","11870","Game"
"3375","46","11870","Game"
"3376","54","1626","Game"
"3377","27","263","Game"
"3378","27","269","Game"
"3379","27","9506","Game"
"3381","27","5720","Game"
"3383","27","4984","Game"
"3386","27","7120","Game"
"3387","42","7074","Game"
"3388","42","4543","Game"
"3389","42","238","Game"
"3390","42","978","Game"
"3391","42","6898","Game"
"3392","42","10106","Game"
"3393","42","8479","Game"
"3394","42","3771","Game"
"3395","42","1185","Game"
"3397","42","1413","Game"
"3398","42","2188","Game"
"3399","42","6800","Game"
"3400","30","4045","Game"
"3402","42","371","Game"
"3403","31","371","Game"
"3404","27","5873","Game"
"3405","47","10196","Game"
"3406","11","10196","Game"
"3409","43","8686","Film"
"3410","9","3290","Game"
"3412","17","9439","Game"
"3413","17","2932","Game"
"3415","12","332","Game"
"3416","12","363","Game"
"3417","35","8692","Film"
"3419","1","8694","Film"
"3420","47","8697","Film"
"3422","12","8701","Film"
"3426","24","8702","Film"
"3427","3","10870","Game"
"3428","27","10870","Game"
"3429","3","8158","Book"
"3430","3","6913","Game"
"3431","59","795","Game"
"3433","59","501","Game"
"3434","59","502","Game"
"3435","59","10873","Game"
"3436","24","17785","Book"
"3437","30","13194","Book"
"3438","17","17811","Book"
"3439","35","8034","Film"
"3441","30","14366","Book"
"3442","12","1308","Book"
"3444","48","5520","Film"
"3445","54","6819","Film"
"3446","35","5592","Film"
"3448","2","8764","Film"
"3450","2","8765","Film"
"3452","2","8766","Film"
"3454","2","8767","Film"
"3457","25","3514","Film"
"3458","18","6444","Film"
"3459","24","3764","Book"
"3460","40","8769","Film"
"3461","46","4185","Film"
"3462","12","8770","Film"
"3463","1","7101","Film"
"3466","1","8771","Film"
"3468","1","8772","Film"
"3469","12","1273","Film"
"3470","23","8712","Film"
"3471","12","163","Film"
"3473","12","6488","Film"
"3474","26","8718","Film"
"3475","25","8720","Film"
"3476","46","3811","Film"
"3478","44","8774","Film"
"3479","33","5366","Film"
"3480","33","2236","Film"
"3481","25","1136","Film"
"3482","38","5319","Film"
"3484","36","508","Game"
"3485","25","6308","Film"
"3486","46","2042","Film"
"3488","35","3671","Film"
"3489","33","319","Film"
"3490","18","8743","Film"
"3491","9","5923","Film"
"3492","33","5048","Film"
"3493","26","8748","Film"
"3494","9","1310","Film"
"3495","18","1962","Film"
"3496","18","831","Film"
"3497","18","3065","Film"
"3500","18","3098","Film"
"3501","18","3548","Film"
"3502","43","8750","Film"
"3504","32","4073","Film"
"3505","32","2148","Film"
"3506","32","6815","Film"
"3507","32","842","Film"
"3508","25","5373","Film"
"3509","33","5700","Film"
"3510","9","8360","Film"
"3511","12","5397","Film"
"3512","43","3108","Film"
"3513","33","3083","Film"
"3514","36","3083","Film"
"3515","24","3083","Film"
"3516","21","3083","Film"
"3517","18","2216","Film"
"3518","18","3447","Film"
"3519","18","8787","Film"
"3520","25","2532","Film"
"3521","9","8791","Film"
"3523","9","8792","Film"
"3524","9","8793","Film"
"3525","9","8441","Film"
"3526","33","1204","Film"
"3527","33","3200","Film"
"3528","39","2075","Film"
"3529","19","3191","Film"
"3530","9","8806","Film"
"3531","43","1341","Film"
"3532","49","1341","Film"
"3533","43","264","Film"
"3534","12","6365","Film"
"3535","5","5959","Film"
"3536","5","9943","Book"
"3538","5","10001","Book"
"3541","5","4596","Film"
"3542","5","5516","Film"
"3544","33","8808","Film"
"3545","25","7398","Film"
"3547","33","2162","Film"
"3549","12","540","Film"
"3550","41","4566","Film"
"3551","44","4566","Film"
"3552","25","1993","Film"
"3553","59","516","Game"
"3555","59","1943","Game"
"3556","59","522","Game"
"3557","59","25","Game"
"3558","59","7592","Game"
"3559","59","3190","Game"
"3563","3","529","Game"
"3565","9","8816","Film"
"3566","9","8821","Film"
"3567","9","8822","Film"
"3569","9","8824","Film"
"3570","9","8825","Film"
"3571","24","8825","Film"
"3574","56","8826","Film"
"3575","9","8826","Film"
"3576","9","8823","Film"
"3577","9","535","Game"
"3578","9","536","Game"
"3580","9","537","Game"
"3581","9","539","Game"
"3583","56","8828","Film"
"3584","9","541","Game"
"3585","9","542","Game"
"3587","9","8829","Film"
"3588","9","8830","Film"
"3590","9","8831","Film"
"3591","9","8832","Film"
"3592","9","8833","Film"
"3593","9","8834","Film"
"3594","2","10244","Game"
"3595","9","543","Game"
"3596","9","549","Game"
"3597","9","552","Game"
"3598","9","564","Game"
"3599","9","566","Game"
"3600","9","567","Game"
"3601","9","568","Game"
"3602","9","572","Game"
"3603","9","575","Game"
"3604","9","576","Game"
"3605","9","582","Game"
"3608","9","586","Game"
"3609","9","587","Game"
"3610","9","402","Game"
"3611","9","588","Game"
"3612","9","589","Game"
"3613","9","591","Game"
"3614","9","592","Game"
"3615","9","595","Game"
"3617","9","604","Game"
"3618","9","605","Game"
"3619","9","606","Game"
"3620","9","608","Game"
"3621","59","609","Game"
"3622","59","610","Game"
"3623","59","613","Game"
"3624","60","615","Game"
"3625","60","3166","Game"
"3626","60","7623","Game"
"3627","60","620","Game"
"3628","60","622","Game"
"3629","60","6883","Game"
"3630","60","8173","Game"
"3631","59","624","Game"
"3632","59","630","Game"
"3633","27","167","Game"
"3634","60","632","Game"
"3635","59","633","Game"
"3636","59","636","Game"
"3638","60","641","Game"
"3639","60","643","Game"
"3640","59","7740","Game"
"3641","25","8813","Film"
"3642","24","359","Book"
"3644","42","1319","Game"
"3645","11","268","Game"
"3646","3","779","Game"
"3647","12","2595","Game"
"3648","3","7274","Game"
"3649","27","7274","Game"
"3650","25","8278","Game"
"3651","50","82","Game"
"3652","3","8842","Game"
"3653","30","5769","Game"
"3654","9","14215","Game"
"3655","38","389","Game"
"3656","3","897","Game"
"3657","3","15549","Game"
"3661","11","4991","Game"
"3662","14","3453","Game"
"3664","47","123","Game"
"3665","18","14250","Game"
"3668","12","2268","Game"
"3669","9","5581","Game"
"3670","3","457","Game"
"3672","25","1983","Game"
"3673","11","8893","Game"
"3674","1","17780","Book"
"3675","58","8844","Film"
"3678","1","17809","Book"
"3679","54","17809","Book"
"3680","24","12620","Book"
"3681","41","5786","Book"
"3682","44","6105","Book"
"3683","44","8043","Book"
"3684","32","8853","Film"
"3685","21","8855","Film"
"3686","24","11627","Book"
"3687","42","17824","Book"
"3688","42","17853","Book"
"3689","44","17825","Book"
"3690","17","13445","Book"
"3691","8","17828","Book"
"3692","8","17865","Book"
"3693","8","17867","Book"
"3694","11","18654","Book"
"3695","12","1506","Book"
"3696","24","1506","Book"
"3697","11","19309","Book"
"3698","11","19310","Book"
"3701","2","8860","Film"
"3702","16","14925","Book"
"3703","16","19321","Book"
"3705","2","17937","Book"
"3706","2","17938","Book"
"3707","2","18063","Book"
"3708","2","18064","Book"
"3710","2","17935","Book"
"3711","2","18065","Book"
"3714","2","17936","Book"
"3715","2","18066","Book"
"3717","2","17939","Book"
"3718","2","18067","Book"
"3720","2","18068","Book"
"3721","12","18068","Book"
"3722","2","17934","Book"
"3723","2","18069","Book"
"3724","2","18070","Book"
"3725","2","18071","Book"
"3726","2","18072","Book"
"3727","2","18073","Book"
"3728","2","18074","Book"
"3730","2","18075","Book"
"3731","2","18076","Book"
"3733","2","18077","Book"
"3734","2","18078","Book"
"3735","27","18078","Book"
"3736","2","18079","Book"
"3737","2","18080","Book"
"3738","2","18081","Book"
"3739","2","18082","Book"
"3740","2","18083","Book"
"3741","2","17971","Book"
"3742","2","18084","Book"
"3743","2","17972","Book"
"3745","2","18085","Book"
"3746","2","18086","Book"
"3747","2","18087","Book"
"3748","2","18088","Book"
"3749","2","18089","Book"
"3750","2","18090","Book"
"3751","2","18091","Book"
"3752","2","18092","Book"
"3753","41","18092","Book"
"3754","12","18092","Book"
"3755","2","18093","Book"
"3756","2","18094","Book"
"3757","2","18095","Book"
"3758","2","18096","Book"
"3759","2","18097","Book"
"3760","2","18098","Book"
"3761","2","18099","Book"
"3762","2","18106","Book"
"3763","2","18100","Book"
"3764","2","18101","Book"
"3765","2","18062","Book"
"3766","2","18102","Book"
"3767","2","18103","Book"
"3768","2","18104","Book"
"3770","2","18105","Book"
"3772","2","18107","Book"
"3773","2","18108","Book"
"3774","2","18112","Book"
"3776","2","18113","Book"
"3777","2","18114","Book"
"3778","2","18115","Book"
"3779","2","18116","Book"
"3780","2","18576","Book"
"3781","2","18579","Book"
"3782","2","18587","Book"
"3783","2","18593","Book"
"3784","2","18600","Book"
"3785","2","18645","Book"
"3786","8","18645","Book"
"3787","2","18672","Book"
"3788","2","18679","Book"
"3789","2","18701","Book"
"3790","2","18715","Book"
"3791","2","18635","Book"
"3792","2","18738","Book"
"3793","2","18740","Book"
"3794","2","18766","Book"
"3795","2","18753","Book"
"3796","2","18749","Book"
"3797","2","18760","Book"
"3798","2","18797","Book"
"3799","2","18798","Book"
"3800","2","18799","Book"
"3801","2","18800","Book"
"3802","2","18801","Book"
"3803","2","18802","Book"
"3804","2","18803","Book"
"3805","2","18804","Book"
"3806","2","18857","Book"
"3807","2","18858","Book"
"3808","2","18870","Book"
"3810","2","18877","Book"
"3811","2","18805","Book"
"3812","2","18919","Book"
"3813","2","18918","Book"
"3814","2","18931","Book"
"3815","2","18932","Book"
"3816","30","18932","Book"
"3817","2","18929","Book"
"3818","2","18936","Book"
"3820","2","18948","Book"
"3821","2","18952","Book"
"3822","2","18968","Book"
"3823","2","18975","Book"
"3824","2","18976","Book"
"3826","2","18990","Book"
"3827","2","18991","Book"
"3828","2","18992","Book"
"3829","2","19023","Book"
"3830","30","19023","Book"
"3831","2","19024","Book"
"3832","2","19035","Book"
"3833","2","19051","Book"
"3834","2","19050","Book"
"3835","2","19055","Book"
"3836","2","19068","Book"
"3837","2","19069","Book"
"3838","2","2344","Book"
"3840","2","19322","Book"
"3842","2","19323","Book"
"3844","2","19324","Book"
"3846","2","19325","Book"
"3848","2","19326","Book"
"3852","2","19327","Book"
"3853","2","19328","Book"
"3855","2","19329","Book"
"3857","9","8865","Film"
"3858","28","8869","Film"
"3859","24","6367","Book"
"3860","16","2938","Book"
"3861","2","18778","Book"
"3862","19","8510","Film"
"3863","4","17950","Book"
"3866","2","19341","Book"
"3868","22","651","Game"
"3869","3","651","Game"
"3870","35","657","Game"
"3871","9","8673","Film"
"3872","56","8673","Film"
"3873","4","14381","Book"
"3874","11","14881","Book"
"3875","12","17841","Book"
"3876","1","8679","Film"
"3877","23","14936","Book"
"3878","17","696","Game"
"3880","43","8884","Film"
"3881","27","706","Game"
"3882","24","6635","Film"
"3883","47","697","Game"
"3885","46","8862","Book"
"3887","54","8885","Film"
"3888","55","184","Film"
"3889","27","695","Game"
"3890","3","16121","Book"
"3891","3","10606","Game"
"3892","3","22258","Game"
"3893","44","1882","Film"
"3894","3","8897","Film"
"3895","35","6618","Film"
"3896","35","8426","Film"
"3897","16","8901","Film"
"3898","42","8898","Film"
"3899","8","1829","Game"
"3901","8","6729","Game"
"3903","25","4916","Game"
"3904","42","8600","Film"
"3905","27","814","Game"
"3908","27","845","Game"
"3909","42","854","Game"
"3910","42","6250","Game"
"3912","42","3474","Game"
"3913","9","867","Game"
"3914","16","5272","Film"
"3915","25","2091","Film"
"3918","11","10144","Game"
"3919","42","10144","Game"
"3920","27","10144","Game"
"3922","2","3873","Film"
"3923","11","10060","Game"
"3924","11","9174","Game"
"3925","3","549","Book"
"3926","3","17398","Book"
"3927","47","7197","Game"
"3928","47","874","Game"
"3929","4","6175","Book"
"3930","4","6251","Book"
"3931","43","8893","Film"
"3934","1","8923","Film"
"3935","1","7872","Film"
"3936","1","6721","Film"
"3939","54","8924","Film"
"3940","47","876","Game"
"3941","59","17849","Book"
"3942","59","18856","Book"
"3943","37","6464","Book"
"3944","43","7916","Film"
"3945","12","2574","Film"
"3946","46","7883","Film"
"3947","2","8812","Film"
"3948","42","3093","Film"
"3949","36","6755","Book"
"3950","36","6488","Book"
"3951","36","8473","Book"
"3952","9","900","Game"
"3953","43","8747","Film"
"3954","8","6732","Book"
"3955","33","18713","Book"
"3957","2","7150","Film"
"3959","43","910","Game"
"3960","9","8930","Film"
"3961","24","6630","Book"
"3962","24","8712","Book"
"3965","8","7111","Book"
"3967","8","7325","Book"
"3968","8","4045","Book"
"3969","8","4613","Book"
"3970","8","10266","Book"
"3971","8","4614","Book"
"3972","8","4615","Book"
"3973","8","10320","Book"
"3974","8","10757","Book"
"3975","8","7707","Book"
"3976","8","7013","Book"
"3977","24","7013","Book"
"3978","8","10212","Book"
"3979","8","10506","Book"
"3980","27","1399","Game"
"3981","26","8632","Film"
"3983","24","95","Book"
"3984","1","8430","Film"
"3985","43","7863","Book"
"3986","18","7255","Book"
"3988","18","8036","Book"
"3989","18","7309","Book"
"3990","24","7411","Book"
"3991","38","7501","Book"
"3992","24","7828","Book"
"3993","18","7746","Book"
"3995","1","8946","Film"
"3996","38","7921","Book"
"3997","18","8003","Book"
"3998","36","968","Game"
"4000","1","8948","Film"
"4001","24","11382","Book"
"4003","1","8950","Film"
"4004","38","8335","Book"
"4005","37","8428","Book"
"4006","28","4987","Book"
"4007","24","5058","Book"
"4008","25","8559","Book"
"4009","24","9446","Book"
"4010","18","9594","Book"
"4011","18","6974","Book"
"4012","24","10970","Book"
"4013","24","17877","Book"
"4016","24","11191","Book"
"4017","1","17890","Book"
"4018","24","1040","Book"
"4019","24","14466","Book"
"4020","24","14553","Book"
"4021","24","1788","Book"
"4022","1","17924","Book"
"4029","24","8009","Game"
"4031","47","8964","Film"
"4032","16","8967","Film"
"4033","9","8968","Film"
"4034","3","8970","Film"
"4035","23","8970","Film"
"4036","50","8962","Film"
"4037","26","8960","Film"
"4038","23","8958","Film"
"4039","43","8957","Film"
"4040","11","8955","Film"
"4041","18","15014","Book"
"4042","24","8214","Book"
"4045","8","17954","Book"
"4046","8","17958","Book"
"4047","24","17975","Book"
"4048","11","6711","Book"
"4049","18","18035","Book"
"4051","1","18840","Book"
"4053","1","18580","Book"
"4054","1","18045","Book"
"4055","1","17992","Book"
"4056","46","8976","Film"
"4058","46","4334","Film"
"4059","22","18043","Book"
"4060","12","18043","Book"
"4061","24","18043","Book"
"4062","3","18043","Book"
"4063","1","18053","Book"
"4064","2","18054","Book"
"4066","1","18044","Book"
"4067","1","18741","Book"
"4068","1","17781","Book"
"4069","3","18538","Book"
"4070","2","18191","Book"
"4072","1","18175","Book"
"4073","26","5364","Book"
"4074","12","18157","Book"
"4075","10","18555","Book"
"4076","12","18555","Book"
"4078","1","18189","Book"
"4079","1","18673","Book"
"4080","1","18915","Book"
"4085","9","18543","Book"
"4086","38","18543","Book"
"4087","11","18543","Book"
"4088","47","18543","Book"
"4089","2","18862","Book"
"4090","2","18863","Book"
"4091","2","18819","Book"
"4092","2","18615","Book"
"4093","20","18187","Book"
"4094","2","18187","Book"
"4095","4","18187","Book"
"4096","38","18187","Book"
"4097","2","18186","Book"
"4098","45","18186","Book"
"4099","2","18549","Book"
"4100","45","18549","Book"
"4101","2","18639","Book"
"4102","2","18640","Book"
"4103","2","18641","Book"
"4104","2","18642","Book"
"4105","2","18638","Book"
"4106","1","18816","Book"
"4107","1","18678","Book"
"4108","1","18190","Book"
"4109","1","18111","Book"
"4111","25","8982","Film"
"4112","2","18145","Book"
"4113","4","18145","Book"
"4114","22","18145","Book"
"4115","2","18156","Book"
"4116","2","18548","Book"
"4117","2","18550","Book"
"4118","26","18550","Book"
"4119","10","18550","Book"
"4120","28","18550","Book"
"4121","2","18170","Book"
"4122","2","18810","Book"
"4123","2","18551","Book"
"4124","2","18813","Book"
"4125","2","18558","Book"
"4126","2","18559","Book"
"4127","18","18563","Book"
"4128","11","18566","Book"
"4129","23","18566","Book"
"4130","3","18566","Book"
"4131","37","18566","Book"
"4132","2","18589","Book"
"4133","2","18765","Book"
"4134","2","18933","Book"
"4135","27","18933","Book"
"4136","2","18590","Book"
"4137","27","18590","Book"
"4138","1","17810","Book"
"4141","1","18786","Book"
"4142","1","18829","Book"
"4143","1","18710","Book"
"4144","1","18602","Book"
"4145","1","18592","Book"
"4146","25","18598","Book"
"4149","2","18599","Book"
"4150","22","18599","Book"
"4151","2","18812","Book"
"4152","2","18668","Book"
"4153","2","18666","Book"
"4154","2","18667","Book"
"4155","2","18811","Book"
"4156","2","18670","Book"
"4157","2","18123","Book"
"4158","2","18731","Book"
"4159","2","18684","Book"
"4161","2","18683","Book"
"4162","2","18681","Book"
"4163","2","18674","Book"
"4164","2","18680","Book"
"4166","2","19176","Book"
"4167","2","19149","Book"
"4168","2","19038","Book"
"4169","2","19039","Book"
"4170","2","18833","Book"
"4171","2","18776","Book"
"4173","2","18700","Book"
"4174","2","18729","Book"
"4175","2","18653","Book"
"4176","2","18636","Book"
"4177","2","18687","Book"
"4178","2","18707","Book"
"4179","2","18637","Book"
"4180","1","18716","Book"
"4181","2","18921","Book"
"4182","54","18921","Book"
"4183","2","18691","Book"
"4184","2","18690","Book"
"4185","2","18733","Book"
"4187","2","18632","Book"
"4188","2","18633","Book"
"4189","2","18878","Book"
"4190","12","18878","Book"
"4191","2","18717","Book"
"4192","2","18682","Book"
"4193","2","18730","Book"
"4194","2","18718","Book"
"4195","2","18180","Book"
"4196","2","18723","Book"
"4197","2","18820","Book"
"4198","2","19062","Book"
"4199","2","18758","Book"
"4200","2","18166","Book"
"4201","2","18788","Book"
"4202","2","18943","Book"
"4203","2","18909","Book"
"4204","2","18757","Book"
"4205","2","18834","Book"
"4206","2","18827","Book"
"4207","2","18845","Book"
"4209","2","19459","Book"
"4210","2","18914","Book"
"4211","2","19036","Book"
"4212","24","19036","Book"
"4213","2","18908","Book"
"4214","24","18908","Book"
"4215","2","18756","Book"
"4216","57","18855","Book"
"4217","2","18882","Book"
"4218","2","18893","Book"
"4219","12","18806","Book"
"4220","2","18702","Book"
"4222","2","19460","Book"
"4223","2","18873","Book"
"4224","2","18958","Book"
"4225","1","18726","Book"
"4226","1","18861","Book"
"4227","2","18192","Book"
"4229","2","18809","Book"
"4230","2","18790","Book"
"4231","3","18706","Book"
"4233","36","18611","Book"
"4234","1","18036","Book"
"4236","1","19461","Book"
"4237","1","19041","Book"
"4239","1","19462","Book"
"4241","1","19463","Book"
"4242","1","18864","Book"
"4243","1","19109","Book"
"4244","1","19026","Book"
"4245","2","18949","Book"
"4246","17","1660","Film"
"4247","35","710","Film"
"4249","2","10441","Book"
"4251","2","19479","Book"
"4254","2","19480","Book"
"4255","47","19481","Book"
"4257","2","19486","Book"
"4258","2","18780","Book"
"4259","2","18906","Book"
"4261","2","19487","Book"
"4268","2","19489","Book"
"4269","23","7175","Book"
"4270","16","7624","Book"
"4271","16","3365","Film"
"4272","27","3365","Film"
"4273","3","3365","Film"
"4274","3","6608","Book"
"4275","11","7260","Book"
"4276","1","2195","Book"
"4277","47","7579","Book"
"4278","11","7579","Book"
"4279","4","14976","Book"
"4280","22","18983","Book"
"4281","3","18983","Book"
"4283","2","19525","Book"
"4285","2","19526","Book"
"4287","2","19527","Book"
"4288","3","19528","Book"
"4290","1","19529","Book"
"4292","2","19530","Book"
"4294","2","19532","Book"
"4296","2","19533","Book"
"4298","1","19534","Book"
"4300","1","19535","Book"
"4302","2","19536","Book"
"4305","24","7778","Book"
"4306","1","3269","Film"
"4308","1","5646","Film"
"4309","1","5053","Film"
"4310","1","8993","Film"
"4311","1","907","Film"
"4312","1","7592","Film"
"4314","1","8995","Film"
"4316","3","6411","Book"
"4317","3","6695","Film"
"4318","3","18564","Book"
"4319","4","18022","Book"
"4320","12","17983","Book"
"4321","1","17945","Book"
"4323","10","8998","Film"
"4324","32","3923","Book"
"4325","36","6245","Film"
"4326","23","6245","Film"
"4327","43","50","Film"
"4328","1","18609","Book"
"4329","1","18608","Book"
"4330","1","18712","Book"
"4331","17","1011","Game"
"4332","30","1011","Game"
"4333","17","8650","Game"
"4334","17","2281","Game"
"4335","17","3370","Game"
"4336","17","7828","Game"
"4337","17","9640","Game"
"4338","17","3199","Game"
"4339","17","8407","Game"
"4340","47","18574","Book"
"4341","11","18573","Book"
"4342","47","18573","Book"
"4343","47","18570","Book"
"4344","47","18569","Book"
"4345","11","18569","Book"
"4347","2","9000","Film"
"4350","17","18561","Book"
"4351","1","18042","Book"
"4352","1","18755","Book"
"4353","1","19142","Book"
"4354","18","26","Game"
"4356","18","9116","Game"
"4357","1","18841","Book"
"4358","2","18825","Book"
"4359","11","18823","Book"
"4360","2","18817","Book"
"4361","12","1030","Game"
"4362","1","18807","Book"
"4363","1","18795","Book"
"4364","1","18624","Book"
"4365","1","18774","Book"
"4366","1","18912","Book"
"4367","2","18772","Book"
"4368","2","18769","Book"
"4369","2","18967","Book"
"4370","3","18880","Book"
"4371","52","18708","Book"
"4372","52","18937","Book"
"4373","11","18627","Book"
"4374","44","18627","Book"
"4375","44","18628","Book"
"4376","11","18628","Book"
"4379","44","18630","Book"
"4380","11","18630","Book"
"4381","44","18629","Book"
"4382","11","18629","Book"
"4383","44","18631","Book"
"4384","11","18631","Book"
"4385","11","18626","Book"
"4386","44","18626","Book"
"4387","2","18957","Book"
"4388","1","18885","Book"
"4389","1","18896","Book"
"4391","1","18953","Book"
"4392","1","19031","Book"
"4393","52","18951","Book"
"4394","23","18950","Book"
"4395","24","18922","Book"
"4396","12","18922","Book"
"4398","24","19561","Book"
"4399","51","18897","Book"
"4400","2","18879","Book"
"4401","51","18875","Book"
"4402","36","18875","Book"
"4403","57","19156","Book"
"4404","57","18872","Book"
"4405","2","18867","Book"
"4406","24","19101","Book"
"4407","2","19064","Book"
"4408","2","19063","Book"
"4409","2","19058","Book"
"4410","56","19058","Book"
"4411","9","19058","Book"
"4412","34","2035","Game"
"4413","34","9840","Game"
"4414","17","6909","Game"
"4415","30","9148","Game"
"4416","30","19635","Game"
"4417","43","3932","Game"
"4418","43","5068","Game"
"4419","25","3125","Game"
"4420","25","7369","Game"
"4421","54","9140","Game"
"4422","22","18989","Book"
"4423","3","18989","Book"
"4424","46","2912","Game"
"4425","8","2667","Game"
"4426","9","4227","Game"
"4427","25","8573","Game"
"4428","23","8573","Game"
"4429","25","7543","Game"
"4430","23","7543","Game"
"4431","23","4302","Game"
"4432","25","4302","Game"
"4433","23","6114","Game"
"4434","25","6114","Game"
"4435","25","802","Game"
"4436","25","1131","Game"
"4437","25","3837","Game"
"4438","25","3918","Game"
"4439","25","7978","Game"
"4440","25","1058","Game"
"4441","10","5715","Film"
"4444","34","8230","Game"
"4445","17","2063","Game"
"4446","24","9010","Film"
"4447","10","254","Film"
"4449","43","2035","Film"
"4450","24","9026","Film"
"4451","10","1263","Film"
"4452","58","6893","Film"
"4453","38","6893","Film"
"4454","10","8627","Film"
"4455","9","8234","Film"
"4457","2","12975","Book"
"4458","27","9030","Film"
"4459","10","8160","Film"
"4462","38","9043","Film"
"4463","35","9043","Film"
"4464","10","719","Film"
"4465","25","6603","Film"
"4468","47","6346","Film"
"4469","35","4808","Film"
"4470","25","1718","Film"
"4471","18","5119","Film"
"4472","35","2244","Film"
"4473","31","4547","Film"
"4474","1","19537","Book"
"4475","46","5985","Film"
"4477","1","9049","Film"
"4478","2","18655","Book"
"4479","26","441","Film"
"4480","43","3256","Film"
"4481","43","6071","Film"
"4482","47","1073","Game"
"4483","1","1973","Film"
"4484","1","4354","Film"
"4485","50","5404","Film"
"4486","12","927","Film"
"4489","9","9050","Film"
"4490","41","937","Film"
"4491","19","2715","Film"
"4492","26","5982","Film"
"4493","26","3559","Film"
"4494","16","2713","Film"
"4495","1","9052","Film"
"4496","46","6806","Film"
"4497","46","1730","Film"
"4498","54","1730","Film"
"4499","8","6728","Film"
"4500","50","7499","Film"
"4501","12","5817","Film"
"4502","45","2256","Film"
"4503","19","5023","Film"
"4504","35","5023","Film"
"4505","22","1772","Film"
"4506","25","1772","Film"
"4507","27","3071","Film"
"4508","49","7722","Film"
"4509","26","6294","Film"
"4510","54","9054","Film"
"4511","26","8127","Film"
"4513","1","9058","Film"
"4515","1","9066","Film"
"4516","10","579","Film"
"4517","43","1783","Film"
"4518","36","4670","Film"
"4519","23","4670","Film"
"4520","2","6435","Film"
"4521","1","3320","Film"
"4522","16","1379","Film"
"4523","23","3001","Film"
"4524","13","7496","Film"
"4526","50","4491","Film"
"4527","46","5953","Film"
"4528","2","2752","Film"
"4529","2","6077","Film"
"4530","3","6577","Film"
"4531","19","2433","Film"
"4532","38","3697","Film"
"4533","50","3697","Film"
"4534","17","2672","Film"
"4535","47","4202","Film"
"4536","19","1643","Film"
"4537","33","7659","Film"
"4538","21","8070","Film"
"4539","42","1901","Film"
"4540","43","1760","Film"
"4541","22","8263","Film"
"4542","8","5984","Film"
"4543","17","6659","Film"
"4544","3","6372","Book"
"4545","17","1208","Film"
"4549","36","673","Film"
"4550","23","673","Film"
"4551","36","4553","Film"
"4552","36","2241","Film"
"4554","36","6891","Film"
"4555","36","9071","Film"
"4556","9","7676","Film"
"4557","3","6978","Film"
"4558","12","6978","Film"
"4559","12","9068","Film"
"4560","22","6216","Film"
"4561","2","4245","Film"
"4562","2","7426","Film"
"4563","12","2820","Film"
"4564","10","9072","Film"
"4565","10","8219","Film"
"4566","10","6746","Film"
"4567","25","6452","Game"
"4568","25","10526","Game"
"4569","17","1366","Film"
"4570","42","6228","Film"
"4571","42","6226","Film"
"4572","33","588","Film"
"4573","38","4936","Film"
"4574","16","918","Game"
"4575","43","6724","Film"
"4577","37","7225","Film"
"4579","12","9079","Film"
"4580","16","3015","Film"
"4581","10","1852","Film"
"4582","10","8214","Film"
"4583","16","2356","Film"
"4584","16","3806","Film"
"4585","2","3806","Film"
"4586","16","1193","Film"
"4587","2","1193","Film"
"4588","39","3387","Film"
"4591","27","9082","Film"
"4592","39","1592","Film"
"4593","58","567","Film"
"4594","35","567","Film"
"4595","38","567","Film"
"4596","42","1589","Film"
"4598","10","6963","Film"
"4599","43","304","Film"
"4600","24","9084","Film"
"4601","4","4385","Film"
"4602","16","4385","Film"
"4603","26","3920","Film"
"4604","11","3585","Film"
"4605","42","3585","Film"
"4606","35","4703","Film"
"4607","38","1081","Film"
"4608","36","4172","Film"
"4609","33","1156","Film"
"4610","50","2031","Film"
"4611","51","5163","Film"
"4612","3","1652","Film"
"4613","3","3720","Film"
"4614","32","7677","Film"
"4615","3","5162","Film"
"4616","24","5416","Film"
"4617","17","2843","Film"
"4618","42","4831","Film"
"4619","9","7407","Film"
"4620","9","7408","Film"
"4621","8","6510","Film"
"4622","25","6510","Film"
"4623","16","5717","Film"
"4624","54","5870","Film"
"4625","1","7098","Film"
"4626","1","7097","Film"
"4627","1","7450","Film"
"4628","9","7406","Film"
"4629","16","2276","Film"
"4630","16","5713","Film"
"4631","16","374","Film"
"4632","16","2838","Film"
"4633","16","3906","Film"
"4634","33","3413","Film"
"4635","46","56","Film"
"4637","45","3896","Film"
"4638","40","8210","Film"
"4639","25","7654","Film"
"4640","33","2470","Film"
"4641","1","7943","Film"
"4642","9","8143","Film"
"4643","4","8133","Film"
"4644","44","8092","Film"
"4645","3","8086","Film"
"4646","5","3623","Film"
"4647","33","3623","Film"
"4648","52","8306","Film"
"4649","11","8328","Film"
"4650","12","8328","Film"
"4651","2","8373","Film"
"4654","10","8374","Film"
"4655","9","8427","Film"
"4657","17","6804","Film"
"4658","17","5884","Film"
"4659","9","2327","Film"
"4660","9","3021","Film"
"4661","29","2793","Film"
"4663","24","9103","Film"
"4664","24","9104","Film"
"4665","24","9105","Film"
"4666","24","9106","Film"
"4667","3","1080","Game"
"4669","1","9109","Film"
"4674","1","19584","Book"
"4676","2","19585","Book"
"4677","25","7600","Film"
"4678","12","1082","Game"
"4679","24","8894","Film"
"4681","1","19589","Book"
"4683","2","19590","Book"
"4685","2","19591","Book"
"4687","2","19592","Book"
"4688","3","1091","Game"
"4689","12","1094","Game"
"4690","46","1096","Game"
"4691","54","1096","Game"
"4694","1","19598","Book"
"4697","2","19599","Book"
"4699","1","19600","Book"
"4700","56","19600","Book"
"4705","1","19601","Book"
"4706","1","19602","Book"
"4709","2","19605","Book"
"4710","2","18962","Book"
"4711","9","1098","Game"
"4713","2","19606","Book"
"4715","2","19607","Book"
"4717","2","19608","Book"
"4719","2","18939","Book"
"4720","2","19609","Book"
"4722","2","19610","Book"
"4724","1","19611","Book"
"4725","1","19162","Book"
"4726","1","19168","Book"
"4727","1","19141","Book"
"4728","1","18782","Book"
"4729","1","19155","Book"
"4732","1","19612","Book"
"4734","1","19613","Book"
"4736","1","19614","Book"
"4738","2","19615","Book"
"4740","1","19616","Book"
"4742","1","19617","Book"
"4744","2","19618","Book"
"4746","2","19619","Book"
"4747","2","18808","Book"
"4748","2","18671","Book"
"4750","2","19620","Book"
"4751","2","18917","Book"
"4753","1","19621","Book"
"4754","1","19152","Book"
"4756","1","19622","Book"
"4758","1","19623","Book"
"4760","1","19624","Book"
"4761","24","9124","Film"
"4762","57","19059","Book"
"4764","57","19626","Book"
"4766","2","19627","Book"
"4767","2","19094","Book"
"4768","2","18748","Book"
"4770","2","19628","Book"
"4772","1","19629","Book"
"4774","1","19630","Book"
"4776","1","19631","Book"
"4778","2","18831","Book"
"4779","2","19632","Book"
"4781","2","19633","Book"
"4782","2","18815","Book"
"4784","1","19634","Book"
"4786","2","19635","Book"
"4790","1","19637","Book"
"4792","1","19638","Book"
"4794","1","19639","Book"
"4796","1","19640","Book"
"4798","2","19641","Book"
"4800","1","19488","Book"
"4802","1","19642","Book"
"4804","2","19643","Book"
"4806","2","19644","Book"
"4808","2","19645","Book"
"4810","2","19646","Book"
"4812","2","19647","Book"
"4813","2","18711","Book"
"4814","2","18771","Book"
"4815","2","18903","Book"
"4816","2","18941","Book"
"4817","2","19131","Book"
"4819","2","19649","Book"
"4821","2","19652","Book"
"4823","2","19654","Book"
"4825","2","19655","Book"
"4826","2","18762","Book"
"4827","2","19037","Book"
"4829","1","19656","Book"
"4831","1","19657","Book"
"4833","2","19658","Book"
"4835","2","19659","Book"
"4836","2","18978","Book"
"4838","2","19660","Book"
"4840","1","19661","Book"
"4842","2","19662","Book"
"4844","1","19663","Book"
"4845","1","19190","Book"
"4849","1","19667","Book"
"4851","2","19668","Book"
"4853","2","19671","Book"
"4855","2","19673","Book"
"4857","2","19674","Book"
"4859","2","19675","Book"
"4860","2","18768","Book"
"4861","46","19676","Book"
"4862","37","19676","Book"
"4864","2","19677","Book"
"4866","2","19678","Book"
"4868","1","19679","Book"
"4870","2","19680","Book"
"4872","2","19681","Book"
"4875","18","18980","Book"
"4877","2","19685","Book"
"4879","1","19686","Book"
"4882","2","19688","Book"
"4883","1","19688","Book"
"4885","1","19689","Book"
"4887","57","19690","Book"
"4888","52","18794","Book"
"4890","2","19692","Book"
"4892","2","19693","Book"
"4894","2","19694","Book"
"4896","1","19695","Book"
"4897","1","19154","Book"
"4898","1","19199","Book"
"4900","1","19696","Book"
"4902","1","19697","Book"
"4905","1","19698","Book"
"4907","1","19699","Book"
"4909","2","19700","Book"
"4910","16","19700","Book"
"4912","1","19701","Book"
"4914","2","19706","Book"
"4916","1","19707","Book"
"4918","1","19708","Book"
"4924","1","19709","Book"
"4925","1","19710","Book"
"4927","1","19711","Book"
"4929","1","19712","Book"
"4930","1","19636","Book"
"4931","11","19717","Book"
"4933","24","19723","Book"
"4935","1","19724","Book"
"4937","2","19725","Book"
"4939","2","19729","Book"
"4941","2","19730","Book"
"4942","2","19148","Book"
"4944","2","19731","Book"
"4946","2","19732","Book"
"4947","2","19666","Book"
"4948","1","18818","Book"
"4949","1","18839","Book"
"4950","24","17277","Book"
"4951","9","9133","Film"
"4952","1","9081","Film"
"4953","9","9142","Film"
"4954","2","18184","Book"
"4955","9","6750","Game"
"4956","43","7015","Film"
"4957","43","1115","Film"
"4958","58","7095","Film"
"4959","42","2540","Film"
"4960","35","4181","Film"
"4961","35","6427","Film"
"4962","2","18619","Book"
"4963","24","2463","Book"
"4964","17","4735","Film"
"4965","10","2363","Film"
"4966","24","722","Book"
"4967","33","327","Film"
"4968","31","327","Film"
"4969","17","574","Game"
"4970","24","9148","Film"
"4971","12","10260","Book"
"4972","24","9149","Film"
"4973","24","9100","Film"
"4974","12","991","Film"
"4975","12","6989","Film"
"4976","12","6439","Film"
"4978","17","4409","Film"
"4979","17","3054","Film"
"4980","17","6680","Film"
"4981","12","4254","Film"
"4982","43","6352","Game"
"4983","16","9153","Film"
"4984","24","7576","Game"
"4985","2","18979","Book"
"4987","2","373","Book"
"4989","2","575","Book"
"4991","2","2566","Book"
"4993","2","4489","Book"
"4995","2","10450","Book"
"4997","2","12055","Book"
"4998","27","1081","Book"
"4999","27","6114","Film"
"5000","22","6114","Film"
"5001","25","9164","Film"
"5002","31","6388","Film"
"5003","31","4001","Film"
"5004","31","2352","Film"
"5005","31","2560","Film"
"5006","31","2136","Film"
"5007","54","725","Film"
"5008","2","9070","Film"
"5010","1","9167","Film"
"5011","12","9168","Film"
"5012","12","18222","Book"
"5013","24","18407","Book"
"5014","9","8475","Film"
"5015","56","8475","Film"
"5016","12","8475","Film"
"5017","9","8985","Film"
"5018","9","9172","Film"
"5019","9","9174","Film"
"5021","9","9175","Film"
"5022","9","9176","Film"
"5023","9","9179","Film"
"5024","9","9180","Film"
"5025","9","9181","Film"
"5026","27","438","Game"
"5027","14","10066","Game"
"5028","14","730","Game"
"5029","14","1253","Game"
"5030","1","18727","Book"
"5031","3","2599","Film"
"5032","44","4717","Film"
"5033","31","2666","Game"
"5034","31","9567","Game"
"5035","11","9154","Film"
"5036","24","9154","Film"
"5037","54","9154","Film"
"5038","42","907","Game"
"5039","11","16413","Game"
"5040","8","5640","Game"
"5041","46","5654","Game"
"5042","12","9763","Game"
"5043","3","16022","Game"
"5044","9","9203","Film"
"5045","36","3930","Film"
"5047","28","4655","Film"
"5048","28","586","Film"
"5049","28","3872","Film"
"5050","18","13132","Book"
"5051","28","7795","Film"
"5052","34","7339","Game"
"5053","34","4915","Game"
"5054","1","7092","Film"
"5055","43","2761","Film"
"5056","33","480","Film"
"5057","33","4579","Film"
"5058","47","4579","Film"
"5059","12","6715","Film"
"5060","24","9212","Film"
"5061","47","9213","Film"
"5062","45","9215","Film"
"5063","27","6377","Game"
"5065","27","4564","Game"
"5066","3","1144","Game"
"5067","42","3279","Film"
"5068","17","9216","Film"
"5069","1","546","Book"
"5070","1","472","Film"
"5071","11","472","Film"
"5072","22","472","Film"
"5073","40","472","Film"
"5074","34","1152","Game"
"5075","59","6075","Book"
"5076","59","638","Game"
"5077","59","3421","Game"
"5078","59","21120","Game"
"5079","28","516","Film"
"5080","24","9228","Film"
"5081","12","28","Film"
"5082","1","7110","Film"
"5083","1","7860","Film"
"5084","40","1021","Game"
"5085","43","1021","Game"
"5086","36","158","Game"
"5087","36","222","Film"
"5088","47","10144","Book"
"5089","47","16262","Book"
"5090","37","18946","Book"
"5091","54","18946","Book"
"5092","2","1917","Game"
"5093","31","8446","Game"
"5094","31","8270","Game"
"5095","31","1455","Game"
"5096","31","3117","Game"
"5097","31","9677","Game"
"5098","31","3917","Game"
"5099","31","2070","Game"
"5100","27","100","Game"
"5101","27","5695","Game"
"5102","17","266","Game"
"5103","25","7888","Film"
"5104","42","4235","Game"
"5105","42","5114","Game"
"5106","36","3575","Film"
"5107","36","6938","Film"
"5108","36","5171","Film"
"5109","47","9264","Film"
"5110","9","9262","Film"
"5111","9","585","Game"
"5112","9","9259","Film"
"5113","9","9255","Film"
"5114","19","9252","Film"
"5115","47","4502","Film"
"5116","28","9246","Film"
"5117","27","10478","Game"
"5118","27","166","Game"
"5119","27","171","Game"
"5120","33","4221","Film"
"5121","33","3266","Film"
"5122","33","9283","Film"
"5123","41","2708","Film"
"5124","1","18728","Book"
"5125","11","19028","Book"
"5126","12","19028","Book"
"5127","16","1698","Book"
"5128","16","5319","Book"
"5129","16","1699","Book"
"5130","16","2381","Book"
"5131","24","11486","Book"
"5133","42","9288","Film"
"5134","1","9294","Film"
"5135","36","9285","Film"
"5136","15","5935","Book"
"5137","11","9298","Film"
"5139","17","6534","Book"
"5140","18","3178","Game"
"5141","18","7033","Game"
"5142","18","6807","Game"
"5143","30","6807","Game"
"5144","24","9299","Film"
"5145","32","7674","Film"
"5146","9","9300","Film"
"5147","31","9300","Film"
"5148","59","2961","Book"
"5149","2","4770","Film"
"5150","11","5787","Film"
"5151","2","16220","Game"
"5152","43","5345","Game"
"5153","42","4632","Film"
"5154","9","6932","Film"
"5155","9","9309","Film"
"5156","9","9310","Film"
"5157","9","9311","Film"
"5158","3","6116","Film"
"5159","9","3711","Film"
"5160","9","3416","Film"
"5162","9","3563","Film"
"5163","9","9313","Film"
"5164","46","3261","Film"
"5165","26","9314","Film"
"5166","16","1181","Film"
"5167","1","8875","Film"
"5168","1","7143","Film"
"5169","1","7429","Film"
"5170","9","8302","Film"
"5171","12","8505","Film"
"5172","2","13539","Book"
"5174","9","9320","Film"
"5175","10","9323","Film"
"5176","1","9324","Film"
"5177","34","1229","Book"
"5178","21","760","Book"
"5179","4","9564","Book"
"5180","17","2024","Book"
"5181","17","3667","Film"
"5182","24","2578","Film"
"5183","13","9343","Film"
"5184","16","613","Film"
"5185","57","9349","Film"
"5186","28","9349","Film"
"5187","27","9347","Film"
"5188","56","9345","Film"
"5189","42","3067","Game"
"5190","27","1223","Game"
"5191","54","9352","Film"
"5192","27","9353","Film"
"5193","9","9357","Film"
"5194","9","9363","Film"
"5195","58","9361","Film"
"5196","35","9362","Film"
"5197","9","9359","Film"
"5198","9","9365","Film"
"5199","27","9366","Film"
"5200","9","9371","Film"
"5201","9","9375","Film"
"5202","19","16523","Book"
"5203","9","9185","Film"
"5204","31","1231","Game"
"5205","9","9367","Film"
"5206","25","1239","Game"
"5207","9","9394","Film"
"5208","9","9393","Film"
"5209","10","9396","Film"
"5210","4","9401","Film"
"5211","3","9409","Film"
"5212","36","9407","Film"
"5213","4","9410","Film"
"5214","16","9413","Film"
"5215","36","9416","Film"
"5216","1","9419","Film"
"5217","1","9422","Film"
"5218","1","9423","Film"
"5219","9","9422","Film"
"5220","56","9422","Film"
"5221","42","4437","Film"
"5222","33","6082","Film"
"5223","24","9436","Film"
"5224","1","9439","Film"
"5225","2","9440","Film"
"5226","2","9441","Film"
"5227","54","9439","Film"
"5228","30","9441","Film"
"5229","24","9445","Film"
"5230","24","9444","Film"
"5231","9","9446","Film"
"5232","5","9447","Film"
"5233","9","9455","Film"
"5234","25","3756","Game"
"5235","21","12916","Book"
"5236","25","5653","Film"
"5237","42","2086","Film"
"5238","50","9467","Film"
"5239","24","9473","Film"
"5240","32","4650","Game"
"5241","2","45","Game"
"5242","16","9475","Film"
"5243","24","9475","Film"
"5244","26","9475","Film"
"5245","16","9476","Film"
"5246","42","9479","Film"
"5247","24","9477","Film"
"5248","46","6700","Game"
"5249","54","6700","Game"
"5250","1","18366","Book"
"5251","4","9487","Film"
"5252","12","9490","Film"
"5253","54","9492","Film"
"5254","36","18385","Book"
"5255","1","18437","Book"
"5256","1","9510","Film"
"5257","1","1318","Game"
"5258","1","1320","Game"
"5259","1","9515","Film"
"5260","49","9544","Film"
"5261","27","9516","Film"
"5262","41","9524","Film"
"5263","39","9526","Film"
"5264","12","9530","Film"
"5265","9","9531","Film"
"5266","9","9536","Film"
"5267","9","9538","Film"
"5268","24","9541","Film"
"5269","49","9543","Film"
"5270","9","9570","Film"
"5271","12","8509","Film"
"5272","33","9572","Film"
"5273","41","9571","Film"
"5274","12","9568","Film"
"5275","2","9557","Film"
"5276","25","16079","Book"
"5277","16","12307","Book"
"5278","9","9574","Film"
"5279","4","9578","Film"
"5280","12","9578","Film"
"5281","24","9578","Film"
"5282","27","9582","Film"
"5283","12","9588","Film"
"5284","12","9589","Film"
"5285","12","9590","Film"
"5286","25","9593","Film"
"5287","24","9600","Film"
"5288","24","9599","Film"
"5289","24","9598","Film"
"5290","3","9606","Film"
"5291","24","890","Book"
"5293","16","5676","Film"
"5294","3","9607","Film"
"5295","27","9607","Film"
"5296","3","931","Film"
"5297","54","9616","Film"
"5298","9","9620","Film"
"5299","12","9623","Film"
"5300","24","9626","Film"
"5301","38","566","Film"
"5302","12","9629","Film"
"5303","1","4551","Book"
"5304","2","5829","Book"
"5305","1","5866","Book"
"5306","1","9633","Film"
"5307","1","5952","Book"
"5308","1","5963","Book"
"5309","51","5975","Book"
"5310","2","5983","Book"
"5311","1","8890","Book"
"5312","2","8958","Book"
"5313","2","9085","Book"
"5314","1","9139","Book"
"5315","2","9264","Book"
"5316","2","9639","Film"
"5317","25","9640","Film"
"5318","1","11113","Book"
"5319","10","11113","Book"
"5320","1","11184","Book"
"5321","1","11221","Book"
"5322","1","11693","Book"
"5323","1","16644","Book"
"5324","24","9659","Film"
"5325","45","9660","Film"
"5326","18","1436","Game"
"5327","54","9661","Film"
"5328","43","9662","Film"
"5329","1","9668","Film"
"5330","2","18425","Book"
"5331","2","18426","Book"
"5332","12","9671","Film"
"5333","1","18427","Book"
"5334","10","18427","Book"
"5335","36","18428","Book"
"5336","33","1182","Game"
"5337","12","9672","Film"
"5338","16","3907","Film"
"5339","16","2132","Film"
"5340","16","9673","Film"
"5341","16","4285","Film"
"5342","24","9489","Film"
"5343","16","351","Book"
"5344","14","6897","Game"
"5345","3","1237","Book"
"5346","24","9686","Film"
"5347","43","9687","Film"
"5348","48","9690","Film"
"5349","11","27","Book"
"5350","24","27","Book"
"5351","25","5562","Film"
"5352","38","6566","Film"
"5353","43","9701","Film"
"5354","24","9708","Film"
"5355","16","9709","Film"
"5356","9","9710","Film"
"5357","33","9714","Film"
"5358","1","9716","Film"
"5359","50","9715","Film"
"5360","8","418","Film"
"5361","1","18444","Book"
"5362","1","18448","Book"
"5363","25","9720","Film"
"5364","9","9724","Film"
"5365","23","5206","Film"
"5366","12","5206","Film"
"5367","58","9730","Film"
"5368","24","9733","Film"
"5369","2","1889","Book"
"5370","25","9741","Film"
"5371","44","1053","Game"
"5372","30","1472","Game"
"5373","18","1473","Game"
"5374","2","9743","Film"
"5375","1","9764","Film"
"5376","17","1478","Game"
"5377","18","8198","Book"
"5378","9","9765","Film"
"5379","2","9243","Book"
"5380","12","9774","Film"
"5381","23","9774","Film"
"5382","9","9776","Film"
"5383","16","9778","Film"
"5384","2","9784","Film"
"5385","56","9773","Film"
"5386","9","9783","Film"
"5387","34","7911","Book"
"5388","53","9790","Film"
"5389","35","9788","Film"
"5390","17","1493","Game"
"5391","26","9801","Film"
"5392","31","9799","Film"
"5393","4","9805","Film"
"5394","10","9808","Film"
"5395","3","9814","Film"
"5396","16","9817","Film"
"5397","10","9818","Film"
"5398","27","9819","Film"
"5399","1","1799","Book"
"5400","24","9827","Film"
"5401","24","751","Book"
"5402","12","9828","Film"
"5403","41","9828","Film"
"5404","24","9831","Film"
"5405","33","9833","Film"
"5406","3","1499","Game"
"5407","16","7360","Book"
"5408","2","6438","Film"
"5409","12","6438","Film"
"5410","24","9845","Film"
"5411","31","9844","Film"
"5412","38","7653","Film"
"5413","24","9842","Film"
"5414","24","9840","Film"
"5415","16","9838","Film"
"5416","9","9836","Film"
"5417","40","609","Film"
"5418","12","8711","Film"
"5419","23","9100","Film"
"5420","24","9719","Film"
"5421","24","1104","Book"
"5423","47","19483","Book"
"5424","1","323","Book"
"5425","1","1253","Book"
"5426","3","9758","Film"
"5427","18","54","Game"
"5428","2","149","Game"
"5429","10","1524","Game"
"5430","2","2734","Book"
"5431","10","2734","Book"
"5432","2","9855","Film"
"5433","24","9860","Film"
"5434","24","9861","Film"
"5435","12","9872","Film"
"5436","10","9873","Film"
"5437","33","7240","Game"
"5438","1","9876","Film"
"5439","1","9877","Film"
"5440","1","9889","Film"
"5441","24","9886","Film"
"5442","16","9880","Film"
"5443","16","9879","Film"
"5444","30","1534","Game"
"5445","9","9891","Film"
"5446","24","9893","Film"
"5447","43","9898","Film"
"5448","1","9899","Film"
"5449","42","9899","Film"
"5450","59","1551","Game"
"5451","3","1552","Game"
"5452","2","9902","Film"
"5453","1","5057","Book"
"5454","16","1558","Game"
"5455","2","9908","Film"
"5456","9","9912","Film"
"5457","46","9911","Film"
"5458","2","9913","Film"
"5459","17","7403","Book"
"5460","43","6791","Film"
"5461","51","16299","Book"
"5462","12","15737","Book"
"5463","24","9918","Film"
"5464","42","5291","Film"
"5465","25","9920","Film"
"5466","24","11923","Book"
"5467","23","9928","Film"
"5468","4","8940","Book"
"5469","2","9930","Film"
"5470","24","17300","Book"
"5471","37","13401","Book"
"5472","16","9934","Film"
"5473","9","1571","Game"
"5474","9","1578","Game"
"5475","42","1583","Game"
"5476","43","9952","Film"
"5477","46","9955","Film"
"5478","1","10010","Book"
"5479","1","10585","Book"
"5480","1","10992","Book"
"5481","1","11123","Book"
"5482","1","11239","Book"
"5483","2","9962","Film"
"5484","2","9963","Film"
"5485","24","9843","Film"
"5486","27","9967","Film"
"5487","1","13053","Book"
"5488","3","15710","Book"
"5489","2","16944","Book"
"5490","22","9981","Film"
"5491","2","9982","Film"
"5492","8","695","Film"
"5493","12","7485","Book"
"5494","43","5464","Film"
"5495","10","46","Film"
"5496","43","5064","Film"
"5497","9","9983","Film"
"5498","9","6357","Game"
"5499","9","5794","Game"
"5500","9","4251","Game"
"5501","9","4964","Game"
"5502","9","3967","Game"
"5503","9","4385","Game"
"5504","25","15480","Book"
"5505","3","511","Game"
"5506","24","511","Game"
"5507","1","4737","Book"
"5508","59","10628","Book"
"5509","23","19827","Book"
"5510","23","19828","Book"
"5511","22","19829","Book"
"5512","4","19832","Book"
"5513","2","19840","Book"
"5514","16","19845","Book"
"5515","1","19850","Book"
"5516","2","19851","Book"
"5517","1","19859","Book"
"5518","2","19860","Book"
"5519","1","16425","Book"
"5520","2","10180","Film"
"5521","16","10181","Film"
"5522","1","10182","Film"
"5523","12","10182","Film"
"5524","2","10184","Film"
"5525","42","10190","Film"
"5526","24","10192","Film"
"5527","56","10193","Film"
"5528","23","10196","Film"
"5529","16","10205","Film"
"5530","24","10208","Film"
"5531","12","10210","Film"
"5532","24","10211","Film"
"5533","1","10213","Film"
"5534","31","10221","Film"
"5535","27","10240","Film"
"5536","47","1833","Game"
"5537","12","1841","Game"
"5538","11","1858","Game"
"5539","37","1858","Game"
"5540","1","10244","Film"
"5541","1","10245","Film"
"5542","2","10242","Film"
"5543","33","10243","Film"
"5544","9","7163","Game"
"5545","17","3991","Game"
"5546","30","3991","Game"
"5547","24","10254","Film"
"5548","30","5726","Game"
"5549","17","5726","Game"
"5550","24","5633","Book"
"5551","59","2960","Book"
"5552","42","7996","Book"
"5553","46","7996","Book"
"5554","50","10256","Film"
